标,题,：,【,D,N,F,】,2,0,2,0,金,秋,礼,包,外,观,属,性,爆,料
链,接,：,8,9,4
作,者,：,8,5,1,1,0,1,7,5,1,o
人,数,：,h,t,t,p,s,:,/,/,t,i,e,b,a,.,b,a,i,d,u,.,c,o,m,/,p,/,6,9,3,7,1,9,0,5,6,9
#,#,#,#,#,#,#,#,#,#,#,#,#,#,#,#,#,#,#,#,#,#,#,#,#,#,#,#,#,#,#,#,#,#,#,#,#,#
【DNF】2020金秋礼包外观属性爆料,894,851101751o,https://tieba.baidu.com/p/6937190569
标,题,：,【,D,N,F,】,2,0,2,0,金,秋,礼,包,外,观,属,性,爆,料
链,接,：,8,9,4
作,者,：,8,5,1,1,0,1,7,5,1,o
人,数,：,h,t,t,p,s,:,/,/,t,i,e,b,a,.,b,a,i,d,u,.,c,o,m,/,p,/,6,9,3,7,1,9,0,5,6,9
#,#,#,#,#,#,#,#,#,#,#,#,#,#,#,#,#,#,#,#,#,#,#,#,#,#,#,#,#,#,#,#,#,#,#,#,#,#
【DNF】2020金秋礼包外观属性爆料,894,851101751o,https://tieba.baidu.com/p/6937190569
标,题,：,【,D,N,F,】,2,0,2,0,金,秋,礼,包,外,观,属,性,爆,料
链,接,：,8,9,4
作,者,：,8,5,1,1,0,1,7,5,1,o
人,数,：,h,t,t,p,s,:,/,/,t,i,e,b,a,.,b,a,i,d,u,.,c,o,m,/,p,/,6,9,3,7,1,9,0,5,6,9
#,#,#,#,#,#,#,#,#,#,#,#,#,#,#,#,#,#,#,#,#,#,#,#,#,#,#,#,#,#,#,#,#,#,#,#,#,#
【DNF】2020金秋礼包外观属性爆料,894,851101751o,https://tieba.baidu.com/p/6937190569
标,题,：,【,D,N,F,】,2,0,2,0,金,秋,礼,包,外,观,属,性,爆,料
链,接,：,8,9,4
作,者,：,8,5,1,1,0,1,7,5,1,o
人,数,：,h,t,t,p,s,:,/,/,t,i,e,b,a,.,b,a,i,d,u,.,c,o,m,/,p,/,6,9,3,7,1,9,0,5,6,9
#,#,#,#,#,#,#,#,#,#,#,#,#,#,#,#,#,#,#,#,#,#,#,#,#,#,#,#,#,#,#,#,#,#,#,#,#,#
【DNF】2020金秋礼包外观属性爆料,894,851101751o,https://tieba.baidu.com/p/6937190569
标,题,：,【,D,N,F,】,2,0,2,0,金,秋,礼,包,外,观,属,性,爆,料
链,接,：,8,9,4
作,者,：,8,5,1,1,0,1,7,5,1,o
人,数,：,h,t,t,p,s,:,/,/,t,i,e,b,a,.,b,a,i,d,u,.,c,o,m,/,p,/,6,9,3,7,1,9,0,5,6,9
#,#,#,#,#,#,#,#,#,#,#,#,#,#,#,#,#,#,#,#,#,#,#,#,#,#,#,#,#,#,#,#,#,#,#,#,#,#
【DNF】2020金秋礼包外观属性爆料,894,851101751o,https://tieba.baidu.com/p/6937190569
标,题,：,【,D,N,F,】,2,0,2,0,金,秋,礼,包,外,观,属,性,爆,料
链,接,：,8,9,4
作,者,：,8,5,1,1,0,1,7,5,1,o
人,数,：,h,t,t,p,s,:,/,/,t,i,e,b,a,.,b,a,i,d,u,.,c,o,m,/,p,/,6,9,3,7,1,9,0,5,6,9
#,#,#,#,#,#,#,#,#,#,#,#,#,#,#,#,#,#,#,#,#,#,#,#,#,#,#,#,#,#,#,#,#,#,#,#,#,#
【DNF】2020金秋礼包外观属性爆料,894,851101751o,https://tieba.baidu.com/p/6937190569
标,题,：,【,D,N,F,】,2,0,2,0,金,秋,礼,包,外,观,属,性,爆,料
链,接,：,8,9,4
作,者,：,8,5,1,1,0,1,7,5,1,o
人,数,：,h,t,t,p,s,:,/,/,t,i,e,b,a,.,b,a,i,d,u,.,c,o,m,/,p,/,6,9,3,7,1,9,0,5,6,9
#,#,#,#,#,#,#,#,#,#,#,#,#,#,#,#,#,#,#,#,#,#,#,#,#,#,#,#,#,#,#,#,#,#,#,#,#,#
【DNF】2020金秋礼包外观属性爆料,894,851101751o,https://tieba.baidu.com/p/6937190569
标,题,：,【,D,N,F,】,2,0,2,0,金,秋,礼,包,外,观,属,性,爆,料
链,接,：,8,9,4
作,者,：,8,5,1,1,0,1,7,5,1,o
人,数,：,h,t,t,p,s,:,/,/,t,i,e,b,a,.,b,a,i,d,u,.,c,o,m,/,p,/,6,9,3,7,1,9,0,5,6,9
#,#,#,#,#,#,#,#,#,#,#,#,#,#,#,#,#,#,#,#,#,#,#,#,#,#,#,#,#,#,#,#,#,#,#,#,#,#
【DNF】2020金秋礼包外观属性爆料,894,851101751o,https://tieba.baidu.com/p/6937190569
标,题,：,【,D,N,F,】,2,0,2,0,金,秋,礼,包,外,观,属,性,爆,料
链,接,：,8,9,4
作,者,：,8,5,1,1,0,1,7,5,1,o
人,数,：,h,t,t,p,s,:,/,/,t,i,e,b,a,.,b,a,i,d,u,.,c,o,m,/,p,/,6,9,3,7,1,9,0,5,6,9
#,#,#,#,#,#,#,#,#,#,#,#,#,#,#,#,#,#,#,#,#,#,#,#,#,#,#,#,#,#,#,#,#,#,#,#,#,#
【DNF】2020金秋礼包外观属性爆料,894,851101751o,https://tieba.baidu.com/p/6937190569
标,题,：,【,D,N,F,】,2,0,2,0,金,秋,礼,包,外,观,属,性,爆,料
链,接,：,8,9,4
作,者,：,8,5,1,1,0,1,7,5,1,o
人,数,：,h,t,t,p,s,:,/,/,t,i,e,b,a,.,b,a,i,d,u,.,c,o,m,/,p,/,6,9,3,7,1,9,0,5,6,9
#,#,#,#,#,#,#,#,#,#,#,#,#,#,#,#,#,#,#,#,#,#,#,#,#,#,#,#,#,#,#,#,#,#,#,#,#,#
【DNF】2020金秋礼包外观属性爆料,894,851101751o,https://tieba.baidu.com/p/6937190569
标,题,：,【,D,N,F,】,2,0,2,0,金,秋,礼,包,外,观,属,性,爆,料
链,接,：,8,9,4
作,者,：,8,5,1,1,0,1,7,5,1,o
人,数,：,h,t,t,p,s,:,/,/,t,i,e,b,a,.,b,a,i,d,u,.,c,o,m,/,p,/,6,9,3,7,1,9,0,5,6,9
#,#,#,#,#,#,#,#,#,#,#,#,#,#,#,#,#,#,#,#,#,#,#,#,#,#,#,#,#,#,#,#,#,#,#,#,#,#
【DNF】2020金秋礼包外观属性爆料,894,851101751o,https://tieba.baidu.com/p/6937190569
标,题,：,【,D,N,F,】,2,0,2,0,金,秋,礼,包,外,观,属,性,爆,料
链,接,：,8,9,4
作,者,：,8,5,1,1,0,1,7,5,1,o
人,数,：,h,t,t,p,s,:,/,/,t,i,e,b,a,.,b,a,i,d,u,.,c,o,m,/,p,/,6,9,3,7,1,9,0,5,6,9
#,#,#,#,#,#,#,#,#,#,#,#,#,#,#,#,#,#,#,#,#,#,#,#,#,#,#,#,#,#,#,#,#,#,#,#,#,#
【DNF】2020金秋礼包外观属性爆料,894,851101751o,https://tieba.baidu.com/p/6937190569
标,题,：,【,D,N,F,】,2,0,2,0,金,秋,礼,包,外,观,属,性,爆,料
链,接,：,8,9,4
作,者,：,8,5,1,1,0,1,7,5,1,o
人,数,：,h,t,t,p,s,:,/,/,t,i,e,b,a,.,b,a,i,d,u,.,c,o,m,/,p,/,6,9,3,7,1,9,0,5,6,9
#,#,#,#,#,#,#,#,#,#,#,#,#,#,#,#,#,#,#,#,#,#,#,#,#,#,#,#,#,#,#,#,#,#,#,#,#,#
【DNF】2020金秋礼包外观属性爆料,894,851101751o,https://tieba.baidu.com/p/6937190569
标,题,：,【,D,N,F,】,2,0,2,0,金,秋,礼,包,外,观,属,性,爆,料
链,接,：,8,9,4
作,者,：,8,5,1,1,0,1,7,5,1,o
人,数,：,h,t,t,p,s,:,/,/,t,i,e,b,a,.,b,a,i,d,u,.,c,o,m,/,p,/,6,9,3,7,1,9,0,5,6,9
#,#,#,#,#,#,#,#,#,#,#,#,#,#,#,#,#,#,#,#,#,#,#,#,#,#,#,#,#,#,#,#,#,#,#,#,#,#
【DNF】2020金秋礼包外观属性爆料,894,851101751o,https://tieba.baidu.com/p/6937190569
标,题,：,【,D,N,F,】,2,0,2,0,金,秋,礼,包,外,观,属,性,爆,料
链,接,：,8,9,4
作,者,：,8,5,1,1,0,1,7,5,1,o
人,数,：,h,t,t,p,s,:,/,/,t,i,e,b,a,.,b,a,i,d,u,.,c,o,m,/,p,/,6,9,3,7,1,9,0,5,6,9
#,#,#,#,#,#,#,#,#,#,#,#,#,#,#,#,#,#,#,#,#,#,#,#,#,#,#,#,#,#,#,#,#,#,#,#,#,#
【DNF】2020金秋礼包外观属性爆料,894,851101751o,https://tieba.baidu.com/p/6937190569
标,题,：,【,D,N,F,】,2,0,2,0,金,秋,礼,包,外,观,属,性,爆,料
链,接,：,8,9,4
作,者,：,8,5,1,1,0,1,7,5,1,o
人,数,：,h,t,t,p,s,:,/,/,t,i,e,b,a,.,b,a,i,d,u,.,c,o,m,/,p,/,6,9,3,7,1,9,0,5,6,9
#,#,#,#,#,#,#,#,#,#,#,#,#,#,#,#,#,#,#,#,#,#,#,#,#,#,#,#,#,#,#,#,#,#,#,#,#,#
【DNF】2020金秋礼包外观属性爆料,894,851101751o,https://tieba.baidu.com/p/6937190569
标,题,：,【,D,N,F,】,2,0,2,0,金,秋,礼,包,外,观,属,性,爆,料
链,接,：,8,9,4
作,者,：,8,5,1,1,0,1,7,5,1,o
人,数,：,h,t,t,p,s,:,/,/,t,i,e,b,a,.,b,a,i,d,u,.,c,o,m,/,p,/,6,9,3,7,1,9,0,5,6,9
#,#,#,#,#,#,#,#,#,#,#,#,#,#,#,#,#,#,#,#,#,#,#,#,#,#,#,#,#,#,#,#,#,#,#,#,#,#
【DNF】2020金秋礼包外观属性爆料,894,851101751o,https://tieba.baidu.com/p/6937190569
标,题,：,【,D,N,F,】,2,0,2,0,金,秋,礼,包,外,观,属,性,爆,料
链,接,：,8,9,4
作,者,：,8,5,1,1,0,1,7,5,1,o
人,数,：,h,t,t,p,s,:,/,/,t,i,e,b,a,.,b,a,i,d,u,.,c,o,m,/,p,/,6,9,3,7,1,9,0,5,6,9
#,#,#,#,#,#,#,#,#,#,#,#,#,#,#,#,#,#,#,#,#,#,#,#,#,#,#,#,#,#,#,#,#,#,#,#,#,#
【DNF】2020金秋礼包外观属性爆料,894,851101751o,https://tieba.baidu.com/p/6937190569
标,题,：,【,D,N,F,】,2,0,2,0,金,秋,礼,包,外,观,属,性,爆,料
链,接,：,8,9,4
作,者,：,8,5,1,1,0,1,7,5,1,o
人,数,：,h,t,t,p,s,:,/,/,t,i,e,b,a,.,b,a,i,d,u,.,c,o,m,/,p,/,6,9,3,7,1,9,0,5,6,9
#,#,#,#,#,#,#,#,#,#,#,#,#,#,#,#,#,#,#,#,#,#,#,#,#,#,#,#,#,#,#,#,#,#,#,#,#,#
【DNF】2020金秋礼包外观属性爆料,894,851101751o,https://tieba.baidu.com/p/6937190569
标,题,：,【,D,N,F,】,2,0,2,0,金,秋,礼,包,外,观,属,性,爆,料
链,接,：,8,9,4
作,者,：,8,5,1,1,0,1,7,5,1,o
人,数,：,h,t,t,p,s,:,/,/,t,i,e,b,a,.,b,a,i,d,u,.,c,o,m,/,p,/,6,9,3,7,1,9,0,5,6,9
#,#,#,#,#,#,#,#,#,#,#,#,#,#,#,#,#,#,#,#,#,#,#,#,#,#,#,#,#,#,#,#,#,#,#,#,#,#
【DNF】2020金秋礼包外观属性爆料,894,851101751o,https://tieba.baidu.com/p/6937190569
标,题,：,【,D,N,F,】,2,0,2,0,金,秋,礼,包,外,观,属,性,爆,料
链,接,：,8,9,4
作,者,：,8,5,1,1,0,1,7,5,1,o
人,数,：,h,t,t,p,s,:,/,/,t,i,e,b,a,.,b,a,i,d,u,.,c,o,m,/,p,/,6,9,3,7,1,9,0,5,6,9
#,#,#,#,#,#,#,#,#,#,#,#,#,#,#,#,#,#,#,#,#,#,#,#,#,#,#,#,#,#,#,#,#,#,#,#,#,#
【DNF】2020金秋礼包外观属性爆料,894,851101751o,https://tieba.baidu.com/p/6937190569
标,题,：,【,D,N,F,】,2,0,2,0,金,秋,礼,包,外,观,属,性,爆,料
链,接,：,8,9,4
作,者,：,8,5,1,1,0,1,7,5,1,o
人,数,：,h,t,t,p,s,:,/,/,t,i,e,b,a,.,b,a,i,d,u,.,c,o,m,/,p,/,6,9,3,7,1,9,0,5,6,9
#,#,#,#,#,#,#,#,#,#,#,#,#,#,#,#,#,#,#,#,#,#,#,#,#,#,#,#,#,#,#,#,#,#,#,#,#,#
【DNF】2020金秋礼包外观属性爆料,894,851101751o,https://tieba.baidu.com/p/6937190569
标,题,：,【,D,N,F,】,2,0,2,0,金,秋,礼,包,外,观,属,性,爆,料
链,接,：,8,9,4
作,者,：,8,5,1,1,0,1,7,5,1,o
人,数,：,h,t,t,p,s,:,/,/,t,i,e,b,a,.,b,a,i,d,u,.,c,o,m,/,p,/,6,9,3,7,1,9,0,5,6,9
#,#,#,#,#,#,#,#,#,#,#,#,#,#,#,#,#,#,#,#,#,#,#,#,#,#,#,#,#,#,#,#,#,#,#,#,#,#
【DNF】2020金秋礼包外观属性爆料,894,851101751o,https://tieba.baidu.com/p/6937190569
标,题,：,【,D,N,F,】,2,0,2,0,金,秋,礼,包,外,观,属,性,爆,料
链,接,：,8,9,4
作,者,：,8,5,1,1,0,1,7,5,1,o
人,数,：,h,t,t,p,s,:,/,/,t,i,e,b,a,.,b,a,i,d,u,.,c,o,m,/,p,/,6,9,3,7,1,9,0,5,6,9
#,#,#,#,#,#,#,#,#,#,#,#,#,#,#,#,#,#,#,#,#,#,#,#,#,#,#,#,#,#,#,#,#,#,#,#,#,#
【DNF】2020金秋礼包外观属性爆料,894,851101751o,https://tieba.baidu.com/p/6937190569
标,题,：,【,D,N,F,】,2,0,2,0,金,秋,礼,包,外,观,属,性,爆,料
链,接,：,8,9,4
作,者,：,8,5,1,1,0,1,7,5,1,o
人,数,：,h,t,t,p,s,:,/,/,t,i,e,b,a,.,b,a,i,d,u,.,c,o,m,/,p,/,6,9,3,7,1,9,0,5,6,9
#,#,#,#,#,#,#,#,#,#,#,#,#,#,#,#,#,#,#,#,#,#,#,#,#,#,#,#,#,#,#,#,#,#,#,#,#,#
【DNF】2020金秋礼包外观属性爆料,894,851101751o,https://tieba.baidu.com/p/6937190569
标,题,：,【,D,N,F,】,2,0,2,0,金,秋,礼,包,外,观,属,性,爆,料
链,接,：,8,9,4
作,者,：,8,5,1,1,0,1,7,5,1,o
人,数,：,h,t,t,p,s,:,/,/,t,i,e,b,a,.,b,a,i,d,u,.,c,o,m,/,p,/,6,9,3,7,1,9,0,5,6,9
#,#,#,#,#,#,#,#,#,#,#,#,#,#,#,#,#,#,#,#,#,#,#,#,#,#,#,#,#,#,#,#,#,#,#,#,#,#
【DNF】2020金秋礼包外观属性爆料,894,851101751o,https://tieba.baidu.com/p/6937190569
标,题,：,【,D,N,F,】,2,0,2,0,金,秋,礼,包,外,观,属,性,爆,料
链,接,：,8,9,4
作,者,：,8,5,1,1,0,1,7,5,1,o
人,数,：,h,t,t,p,s,:,/,/,t,i,e,b,a,.,b,a,i,d,u,.,c,o,m,/,p,/,6,9,3,7,1,9,0,5,6,9
#,#,#,#,#,#,#,#,#,#,#,#,#,#,#,#,#,#,#,#,#,#,#,#,#,#,#,#,#,#,#,#,#,#,#,#,#,#
【DNF】2020金秋礼包外观属性爆料,894,851101751o,https://tieba.baidu.com/p/6937190569
标,题,：,【,D,N,F,】,2,0,2,0,金,秋,礼,包,外,观,属,性,爆,料
链,接,：,8,9,4
作,者,：,8,5,1,1,0,1,7,5,1,o
人,数,：,h,t,t,p,s,:,/,/,t,i,e,b,a,.,b,a,i,d,u,.,c,o,m,/,p,/,6,9,3,7,1,9,0,5,6,9
#,#,#,#,#,#,#,#,#,#,#,#,#,#,#,#,#,#,#,#,#,#,#,#,#,#,#,#,#,#,#,#,#,#,#,#,#,#
【DNF】2020金秋礼包外观属性爆料,894,851101751o,https://tieba.baidu.com/p/6937190569
标,题,：,【,D,N,F,】,2,0,2,0,金,秋,礼,包,外,观,属,性,爆,料
链,接,：,8,9,4
作,者,：,8,5,1,1,0,1,7,5,1,o
人,数,：,h,t,t,p,s,:,/,/,t,i,e,b,a,.,b,a,i,d,u,.,c,o,m,/,p,/,6,9,3,7,1,9,0,5,6,9
#,#,#,#,#,#,#,#,#,#,#,#,#,#,#,#,#,#,#,#,#,#,#,#,#,#,#,#,#,#,#,#,#,#,#,#,#,#
【DNF】2020金秋礼包外观属性爆料,894,851101751o,https://tieba.baidu.com/p/6937190569
标,题,：,【,D,N,F,】,2,0,2,0,金,秋,礼,包,外,观,属,性,爆,料
链,接,：,8,9,4
作,者,：,8,5,1,1,0,1,7,5,1,o
人,数,：,h,t,t,p,s,:,/,/,t,i,e,b,a,.,b,a,i,d,u,.,c,o,m,/,p,/,6,9,3,7,1,9,0,5,6,9
#,#,#,#,#,#,#,#,#,#,#,#,#,#,#,#,#,#,#,#,#,#,#,#,#,#,#,#,#,#,#,#,#,#,#,#,#,#
【DNF】2020金秋礼包外观属性爆料,894,851101751o,https://tieba.baidu.com/p/6937190569
标,题,：,【,D,N,F,】,2,0,2,0,金,秋,礼,包,外,观,属,性,爆,料
链,接,：,8,9,4
作,者,：,8,5,1,1,0,1,7,5,1,o
人,数,：,h,t,t,p,s,:,/,/,t,i,e,b,a,.,b,a,i,d,u,.,c,o,m,/,p,/,6,9,3,7,1,9,0,5,6,9
#,#,#,#,#,#,#,#,#,#,#,#,#,#,#,#,#,#,#,#,#,#,#,#,#,#,#,#,#,#,#,#,#,#,#,#,#,#
【DNF】2020金秋礼包外观属性爆料,894,851101751o,https://tieba.baidu.com/p/6937190569
标,题,：,【,D,N,F,】,2,0,2,0,金,秋,礼,包,外,观,属,性,爆,料
链,接,：,8,9,4
作,者,：,8,5,1,1,0,1,7,5,1,o
人,数,：,h,t,t,p,s,:,/,/,t,i,e,b,a,.,b,a,i,d,u,.,c,o,m,/,p,/,6,9,3,7,1,9,0,5,6,9
#,#,#,#,#,#,#,#,#,#,#,#,#,#,#,#,#,#,#,#,#,#,#,#,#,#,#,#,#,#,#,#,#,#,#,#,#,#
【DNF】2020金秋礼包外观属性爆料,894,851101751o,https://tieba.baidu.com/p/6937190569
标,题,：,【,D,N,F,】,2,0,2,0,金,秋,礼,包,外,观,属,性,爆,料
链,接,：,8,9,4
作,者,：,8,5,1,1,0,1,7,5,1,o
人,数,：,h,t,t,p,s,:,/,/,t,i,e,b,a,.,b,a,i,d,u,.,c,o,m,/,p,/,6,9,3,7,1,9,0,5,6,9
#,#,#,#,#,#,#,#,#,#,#,#,#,#,#,#,#,#,#,#,#,#,#,#,#,#,#,#,#,#,#,#,#,#,#,#,#,#
【DNF】2020金秋礼包外观属性爆料,894,851101751o,https://tieba.baidu.com/p/6937190569
标,题,：,【,D,N,F,】,2,0,2,0,金,秋,礼,包,外,观,属,性,爆,料
链,接,：,8,9,4
作,者,：,8,5,1,1,0,1,7,5,1,o
人,数,：,h,t,t,p,s,:,/,/,t,i,e,b,a,.,b,a,i,d,u,.,c,o,m,/,p,/,6,9,3,7,1,9,0,5,6,9
#,#,#,#,#,#,#,#,#,#,#,#,#,#,#,#,#,#,#,#,#,#,#,#,#,#,#,#,#,#,#,#,#,#,#,#,#,#
【DNF】2020金秋礼包外观属性爆料,894,851101751o,https://tieba.baidu.com/p/6937190569
标,题,：,【,D,N,F,】,2,0,2,0,金,秋,礼,包,外,观,属,性,爆,料
链,接,：,8,9,4
作,者,：,8,5,1,1,0,1,7,5,1,o
人,数,：,h,t,t,p,s,:,/,/,t,i,e,b,a,.,b,a,i,d,u,.,c,o,m,/,p,/,6,9,3,7,1,9,0,5,6,9
#,#,#,#,#,#,#,#,#,#,#,#,#,#,#,#,#,#,#,#,#,#,#,#,#,#,#,#,#,#,#,#,#,#,#,#,#,#
【DNF】2020金秋礼包外观属性爆料,894,851101751o,https://tieba.baidu.com/p/6937190569
标,题,：,【,D,N,F,】,2,0,2,0,金,秋,礼,包,外,观,属,性,爆,料
链,接,：,8,9,4
作,者,：,8,5,1,1,0,1,7,5,1,o
人,数,：,h,t,t,p,s,:,/,/,t,i,e,b,a,.,b,a,i,d,u,.,c,o,m,/,p,/,6,9,3,7,1,9,0,5,6,9
#,#,#,#,#,#,#,#,#,#,#,#,#,#,#,#,#,#,#,#,#,#,#,#,#,#,#,#,#,#,#,#,#,#,#,#,#,#
【DNF】2020金秋礼包外观属性爆料,894,851101751o,https://tieba.baidu.com/p/6937190569
标,题,：,【,D,N,F,】,2,0,2,0,金,秋,礼,包,外,观,属,性,爆,料
链,接,：,8,9,4
作,者,：,8,5,1,1,0,1,7,5,1,o
人,数,：,h,t,t,p,s,:,/,/,t,i,e,b,a,.,b,a,i,d,u,.,c,o,m,/,p,/,6,9,3,7,1,9,0,5,6,9
#,#,#,#,#,#,#,#,#,#,#,#,#,#,#,#,#,#,#,#,#,#,#,#,#,#,#,#,#,#,#,#,#,#,#,#,#,#
【DNF】2020金秋礼包外观属性爆料,894,851101751o,https://tieba.baidu.com/p/6937190569
标,题,：,【,D,N,F,】,2,0,2,0,金,秋,礼,包,外,观,属,性,爆,料
链,接,：,8,9,4
作,者,：,8,5,1,1,0,1,7,5,1,o
人,数,：,h,t,t,p,s,:,/,/,t,i,e,b,a,.,b,a,i,d,u,.,c,o,m,/,p,/,6,9,3,7,1,9,0,5,6,9
#,#,#,#,#,#,#,#,#,#,#,#,#,#,#,#,#,#,#,#,#,#,#,#,#,#,#,#,#,#,#,#,#,#,#,#,#,#
【DNF】2020金秋礼包外观属性爆料,894,851101751o,https://tieba.baidu.com/p/6937190569
标,题,：,【,D,N,F,】,2,0,2,0,金,秋,礼,包,外,观,属,性,爆,料
链,接,：,8,9,4
作,者,：,8,5,1,1,0,1,7,5,1,o
人,数,：,h,t,t,p,s,:,/,/,t,i,e,b,a,.,b,a,i,d,u,.,c,o,m,/,p,/,6,9,3,7,1,9,0,5,6,9
#,#,#,#,#,#,#,#,#,#,#,#,#,#,#,#,#,#,#,#,#,#,#,#,#,#,#,#,#,#,#,#,#,#,#,#,#,#
【DNF】2020金秋礼包外观属性爆料,894,851101751o,https://tieba.baidu.com/p/6937190569
标,题,：,【,D,N,F,】,2,0,2,0,金,秋,礼,包,外,观,属,性,爆,料
链,接,：,8,9,4
作,者,：,8,5,1,1,0,1,7,5,1,o
人,数,：,h,t,t,p,s,:,/,/,t,i,e,b,a,.,b,a,i,d,u,.,c,o,m,/,p,/,6,9,3,7,1,9,0,5,6,9
#,#,#,#,#,#,#,#,#,#,#,#,#,#,#,#,#,#,#,#,#,#,#,#,#,#,#,#,#,#,#,#,#,#,#,#,#,#
【DNF】2020金秋礼包外观属性爆料,894,851101751o,https://tieba.baidu.com/p/6937190569
标,题,：,【,D,N,F,】,2,0,2,0,金,秋,礼,包,外,观,属,性,爆,料
链,接,：,8,9,4
作,者,：,8,5,1,1,0,1,7,5,1,o
人,数,：,h,t,t,p,s,:,/,/,t,i,e,b,a,.,b,a,i,d,u,.,c,o,m,/,p,/,6,9,3,7,1,9,0,5,6,9
#,#,#,#,#,#,#,#,#,#,#,#,#,#,#,#,#,#,#,#,#,#,#,#,#,#,#,#,#,#,#,#,#,#,#,#,#,#
【DNF】2020金秋礼包外观属性爆料,894,851101751o,https://tieba.baidu.com/p/6937190569
标,题,：,【,D,N,F,】,2,0,2,0,金,秋,礼,包,外,观,属,性,爆,料
链,接,：,8,9,4
作,者,：,8,5,1,1,0,1,7,5,1,o
人,数,：,h,t,t,p,s,:,/,/,t,i,e,b,a,.,b,a,i,d,u,.,c,o,m,/,p,/,6,9,3,7,1,9,0,5,6,9
#,#,#,#,#,#,#,#,#,#,#,#,#,#,#,#,#,#,#,#,#,#,#,#,#,#,#,#,#,#,#,#,#,#,#,#,#,#
【DNF】2020金秋礼包外观属性爆料,894,851101751o,https://tieba.baidu.com/p/6937190569
标,题,：,【,D,N,F,】,2,0,2,0,金,秋,礼,包,外,观,属,性,爆,料
链,接,：,8,9,4
作,者,：,8,5,1,1,0,1,7,5,1,o
人,数,：,h,t,t,p,s,:,/,/,t,i,e,b,a,.,b,a,i,d,u,.,c,o,m,/,p,/,6,9,3,7,1,9,0,5,6,9
#,#,#,#,#,#,#,#,#,#,#,#,#,#,#,#,#,#,#,#,#,#,#,#,#,#,#,#,#,#,#,#,#,#,#,#,#,#
【DNF】2020金秋礼包外观属性爆料,894,851101751o,https://tieba.baidu.com/p/6937190569
标,题,：,【,D,N,F,】,2,0,2,0,金,秋,礼,包,外,观,属,性,爆,料
链,接,：,8,9,4
作,者,：,8,5,1,1,0,1,7,5,1,o
人,数,：,h,t,t,p,s,:,/,/,t,i,e,b,a,.,b,a,i,d,u,.,c,o,m,/,p,/,6,9,3,7,1,9,0,5,6,9
#,#,#,#,#,#,#,#,#,#,#,#,#,#,#,#,#,#,#,#,#,#,#,#,#,#,#,#,#,#,#,#,#,#,#,#,#,#
【DNF】2020金秋礼包外观属性爆料,894,851101751o,https://tieba.baidu.com/p/6937190569
标,题,：,【,D,N,F,】,2,0,2,0,金,秋,礼,包,外,观,属,性,爆,料
链,接,：,8,9,4
作,者,：,8,5,1,1,0,1,7,5,1,o
人,数,：,h,t,t,p,s,:,/,/,t,i,e,b,a,.,b,a,i,d,u,.,c,o,m,/,p,/,6,9,3,7,1,9,0,5,6,9
#,#,#,#,#,#,#,#,#,#,#,#,#,#,#,#,#,#,#,#,#,#,#,#,#,#,#,#,#,#,#,#,#,#,#,#,#,#
【DNF】2020金秋礼包外观属性爆料,894,851101751o,https://tieba.baidu.com/p/6937190569
标,题,：,【,D,N,F,】,2,0,2,0,金,秋,礼,包,外,观,属,性,爆,料
链,接,：,8,9,4
作,者,：,8,5,1,1,0,1,7,5,1,o
人,数,：,h,t,t,p,s,:,/,/,t,i,e,b,a,.,b,a,i,d,u,.,c,o,m,/,p,/,6,9,3,7,1,9,0,5,6,9
#,#,#,#,#,#,#,#,#,#,#,#,#,#,#,#,#,#,#,#,#,#,#,#,#,#,#,#,#,#,#,#,#,#,#,#,#,#
【DNF】2020金秋礼包外观属性爆料,894,851101751o,https://tieba.baidu.com/p/6937190569
标,题,：,统,计,一,下,，,吧,里,有,没,有,已,婚,，,而,且,为,人,父,为,人,母,族
链,接,：,1,1
作,者,：,D,e,v,i,l,丶
人,数,：,h,t,t,p,s,:,/,/,t,i,e,b,a,.,b,a,i,d,u,.,c,o,m,/,p,/,6,9,4,3,4,5,2,8,9,9
#,#,#,#,#,#,#,#,#,#,#,#,#,#,#,#,#,#,#,#,#,#,#,#,#,#,#,#,#,#,#,#,#,#,#,#,#,#
统计一下，吧里有没有已婚，而且为人父为人母族,11,Devil丶,https://tieba.baidu.com/p/6943452899
标,题,：,统,计,一,下,，,吧,里,有,没,有,已,婚,，,而,且,为,人,父,为,人,母,族
链,接,：,1,1
作,者,：,D,e,v,i,l,丶
人,数,：,h,t,t,p,s,:,/,/,t,i,e,b,a,.,b,a,i,d,u,.,c,o,m,/,p,/,6,9,4,3,4,5,2,8,9,9
#,#,#,#,#,#,#,#,#,#,#,#,#,#,#,#,#,#,#,#,#,#,#,#,#,#,#,#,#,#,#,#,#,#,#,#,#,#
统计一下，吧里有没有已婚，而且为人父为人母族,11,Devil丶,https://tieba.baidu.com/p/6943452899
标,题,：,统,计,一,下,，,吧,里,有,没,有,已,婚,，,而,且,为,人,父,为,人,母,族
链,接,：,1,1
作,者,：,D,e,v,i,l,丶
人,数,：,h,t,t,p,s,:,/,/,t,i,e,b,a,.,b,a,i,d,u,.,c,o,m,/,p,/,6,9,4,3,4,5,2,8,9,9
#,#,#,#,#,#,#,#,#,#,#,#,#,#,#,#,#,#,#,#,#,#,#,#,#,#,#,#,#,#,#,#,#,#,#,#,#,#
统计一下，吧里有没有已婚，而且为人父为人母族,11,Devil丶,https://tieba.baidu.com/p/6943452899
标,题,：,统,计,一,下,，,吧,里,有,没,有,已,婚,，,而,且,为,人,父,为,人,母,族
链,接,：,1,1
作,者,：,D,e,v,i,l,丶
人,数,：,h,t,t,p,s,:,/,/,t,i,e,b,a,.,b,a,i,d,u,.,c,o,m,/,p,/,6,9,4,3,4,5,2,8,9,9
#,#,#,#,#,#,#,#,#,#,#,#,#,#,#,#,#,#,#,#,#,#,#,#,#,#,#,#,#,#,#,#,#,#,#,#,#,#
统计一下，吧里有没有已婚，而且为人父为人母族,11,Devil丶,https://tieba.baidu.com/p/6943452899
标,题,：,统,计,一,下,，,吧,里,有,没,有,已,婚,，,而,且,为,人,父,为,人,母,族
链,接,：,1,1
作,者,：,D,e,v,i,l,丶
人,数,：,h,t,t,p,s,:,/,/,t,i,e,b,a,.,b,a,i,d,u,.,c,o,m,/,p,/,6,9,4,3,4,5,2,8,9,9
#,#,#,#,#,#,#,#,#,#,#,#,#,#,#,#,#,#,#,#,#,#,#,#,#,#,#,#,#,#,#,#,#,#,#,#,#,#
统计一下，吧里有没有已婚，而且为人父为人母族,11,Devil丶,https://tieba.baidu.com/p/6943452899
标,题,：,统,计,一,下,，,吧,里,有,没,有,已,婚,，,而,且,为,人,父,为,人,母,族
链,接,：,1,1
作,者,：,D,e,v,i,l,丶
人,数,：,h,t,t,p,s,:,/,/,t,i,e,b,a,.,b,a,i,d,u,.,c,o,m,/,p,/,6,9,4,3,4,5,2,8,9,9
#,#,#,#,#,#,#,#,#,#,#,#,#,#,#,#,#,#,#,#,#,#,#,#,#,#,#,#,#,#,#,#,#,#,#,#,#,#
统计一下，吧里有没有已婚，而且为人父为人母族,11,Devil丶,https://tieba.baidu.com/p/6943452899
标,题,：,统,计,一,下,，,吧,里,有,没,有,已,婚,，,而,且,为,人,父,为,人,母,族
链,接,：,1,1
作,者,：,D,e,v,i,l,丶
人,数,：,h,t,t,p,s,:,/,/,t,i,e,b,a,.,b,a,i,d,u,.,c,o,m,/,p,/,6,9,4,3,4,5,2,8,9,9
#,#,#,#,#,#,#,#,#,#,#,#,#,#,#,#,#,#,#,#,#,#,#,#,#,#,#,#,#,#,#,#,#,#,#,#,#,#
统计一下，吧里有没有已婚，而且为人父为人母族,11,Devil丶,https://tieba.baidu.com/p/6943452899
标,题,：,统,计,一,下,，,吧,里,有,没,有,已,婚,，,而,且,为,人,父,为,人,母,族
链,接,：,1,1
作,者,：,D,e,v,i,l,丶
人,数,：,h,t,t,p,s,:,/,/,t,i,e,b,a,.,b,a,i,d,u,.,c,o,m,/,p,/,6,9,4,3,4,5,2,8,9,9
#,#,#,#,#,#,#,#,#,#,#,#,#,#,#,#,#,#,#,#,#,#,#,#,#,#,#,#,#,#,#,#,#,#,#,#,#,#
统计一下，吧里有没有已婚，而且为人父为人母族,11,Devil丶,https://tieba.baidu.com/p/6943452899
标,题,：,统,计,一,下,，,吧,里,有,没,有,已,婚,，,而,且,为,人,父,为,人,母,族
链,接,：,1,1
作,者,：,D,e,v,i,l,丶
人,数,：,h,t,t,p,s,:,/,/,t,i,e,b,a,.,b,a,i,d,u,.,c,o,m,/,p,/,6,9,4,3,4,5,2,8,9,9
#,#,#,#,#,#,#,#,#,#,#,#,#,#,#,#,#,#,#,#,#,#,#,#,#,#,#,#,#,#,#,#,#,#,#,#,#,#
统计一下，吧里有没有已婚，而且为人父为人母族,11,Devil丶,https://tieba.baidu.com/p/6943452899
标,题,：,统,计,一,下,，,吧,里,有,没,有,已,婚,，,而,且,为,人,父,为,人,母,族
链,接,：,1,1
作,者,：,D,e,v,i,l,丶
人,数,：,h,t,t,p,s,:,/,/,t,i,e,b,a,.,b,a,i,d,u,.,c,o,m,/,p,/,6,9,4,3,4,5,2,8,9,9
#,#,#,#,#,#,#,#,#,#,#,#,#,#,#,#,#,#,#,#,#,#,#,#,#,#,#,#,#,#,#,#,#,#,#,#,#,#
统计一下，吧里有没有已婚，而且为人父为人母族,11,Devil丶,https://tieba.baidu.com/p/6943452899
标,题,：,统,计,一,下,，,吧,里,有,没,有,已,婚,，,而,且,为,人,父,为,人,母,族
链,接,：,1,1
作,者,：,D,e,v,i,l,丶
人,数,：,h,t,t,p,s,:,/,/,t,i,e,b,a,.,b,a,i,d,u,.,c,o,m,/,p,/,6,9,4,3,4,5,2,8,9,9
#,#,#,#,#,#,#,#,#,#,#,#,#,#,#,#,#,#,#,#,#,#,#,#,#,#,#,#,#,#,#,#,#,#,#,#,#,#
统计一下，吧里有没有已婚，而且为人父为人母族,11,Devil丶,https://tieba.baidu.com/p/6943452899
标,题,：,统,计,一,下,，,吧,里,有,没,有,已,婚,，,而,且,为,人,父,为,人,母,族
链,接,：,1,1
作,者,：,D,e,v,i,l,丶
人,数,：,h,t,t,p,s,:,/,/,t,i,e,b,a,.,b,a,i,d,u,.,c,o,m,/,p,/,6,9,4,3,4,5,2,8,9,9
#,#,#,#,#,#,#,#,#,#,#,#,#,#,#,#,#,#,#,#,#,#,#,#,#,#,#,#,#,#,#,#,#,#,#,#,#,#
统计一下，吧里有没有已婚，而且为人父为人母族,11,Devil丶,https://tieba.baidu.com/p/6943452899
标,题,：,统,计,一,下,，,吧,里,有,没,有,已,婚,，,而,且,为,人,父,为,人,母,族
链,接,：,1,1
作,者,：,D,e,v,i,l,丶
人,数,：,h,t,t,p,s,:,/,/,t,i,e,b,a,.,b,a,i,d,u,.,c,o,m,/,p,/,6,9,4,3,4,5,2,8,9,9
#,#,#,#,#,#,#,#,#,#,#,#,#,#,#,#,#,#,#,#,#,#,#,#,#,#,#,#,#,#,#,#,#,#,#,#,#,#
统计一下，吧里有没有已婚，而且为人父为人母族,11,Devil丶,https://tieba.baidu.com/p/6943452899
标,题,：,统,计,一,下,，,吧,里,有,没,有,已,婚,，,而,且,为,人,父,为,人,母,族
链,接,：,1,1
作,者,：,D,e,v,i,l,丶
人,数,：,h,t,t,p,s,:,/,/,t,i,e,b,a,.,b,a,i,d,u,.,c,o,m,/,p,/,6,9,4,3,4,5,2,8,9,9
#,#,#,#,#,#,#,#,#,#,#,#,#,#,#,#,#,#,#,#,#,#,#,#,#,#,#,#,#,#,#,#,#,#,#,#,#,#
统计一下，吧里有没有已婚，而且为人父为人母族,11,Devil丶,https://tieba.baidu.com/p/6943452899
标,题,：,统,计,一,下,，,吧,里,有,没,有,已,婚,，,而,且,为,人,父,为,人,母,族
链,接,：,1,1
作,者,：,D,e,v,i,l,丶
人,数,：,h,t,t,p,s,:,/,/,t,i,e,b,a,.,b,a,i,d,u,.,c,o,m,/,p,/,6,9,4,3,4,5,2,8,9,9
#,#,#,#,#,#,#,#,#,#,#,#,#,#,#,#,#,#,#,#,#,#,#,#,#,#,#,#,#,#,#,#,#,#,#,#,#,#
统计一下，吧里有没有已婚，而且为人父为人母族,11,Devil丶,https://tieba.baidu.com/p/6943452899
标,题,：,统,计,一,下,，,吧,里,有,没,有,已,婚,，,而,且,为,人,父,为,人,母,族
链,接,：,1,1
作,者,：,D,e,v,i,l,丶
人,数,：,h,t,t,p,s,:,/,/,t,i,e,b,a,.,b,a,i,d,u,.,c,o,m,/,p,/,6,9,4,3,4,5,2,8,9,9
#,#,#,#,#,#,#,#,#,#,#,#,#,#,#,#,#,#,#,#,#,#,#,#,#,#,#,#,#,#,#,#,#,#,#,#,#,#
统计一下，吧里有没有已婚，而且为人父为人母族,11,Devil丶,https://tieba.baidu.com/p/6943452899
标,题,：,统,计,一,下,，,吧,里,有,没,有,已,婚,，,而,且,为,人,父,为,人,母,族
链,接,：,1,1
作,者,：,D,e,v,i,l,丶
人,数,：,h,t,t,p,s,:,/,/,t,i,e,b,a,.,b,a,i,d,u,.,c,o,m,/,p,/,6,9,4,3,4,5,2,8,9,9
#,#,#,#,#,#,#,#,#,#,#,#,#,#,#,#,#,#,#,#,#,#,#,#,#,#,#,#,#,#,#,#,#,#,#,#,#,#
统计一下，吧里有没有已婚，而且为人父为人母族,11,Devil丶,https://tieba.baidu.com/p/6943452899
标,题,：,统,计,一,下,，,吧,里,有,没,有,已,婚,，,而,且,为,人,父,为,人,母,族
链,接,：,1,1
作,者,：,D,e,v,i,l,丶
人,数,：,h,t,t,p,s,:,/,/,t,i,e,b,a,.,b,a,i,d,u,.,c,o,m,/,p,/,6,9,4,3,4,5,2,8,9,9
#,#,#,#,#,#,#,#,#,#,#,#,#,#,#,#,#,#,#,#,#,#,#,#,#,#,#,#,#,#,#,#,#,#,#,#,#,#
统计一下，吧里有没有已婚，而且为人父为人母族,11,Devil丶,https://tieba.baidu.com/p/6943452899
标,题,：,统,计,一,下,，,吧,里,有,没,有,已,婚,，,而,且,为,人,父,为,人,母,族
链,接,：,1,1
作,者,：,D,e,v,i,l,丶
人,数,：,h,t,t,p,s,:,/,/,t,i,e,b,a,.,b,a,i,d,u,.,c,o,m,/,p,/,6,9,4,3,4,5,2,8,9,9
#,#,#,#,#,#,#,#,#,#,#,#,#,#,#,#,#,#,#,#,#,#,#,#,#,#,#,#,#,#,#,#,#,#,#,#,#,#
统计一下，吧里有没有已婚，而且为人父为人母族,11,Devil丶,https://tieba.baidu.com/p/6943452899
标,题,：,统,计,一,下,，,吧,里,有,没,有,已,婚,，,而,且,为,人,父,为,人,母,族
链,接,：,1,1
作,者,：,D,e,v,i,l,丶
人,数,：,h,t,t,p,s,:,/,/,t,i,e,b,a,.,b,a,i,d,u,.,c,o,m,/,p,/,6,9,4,3,4,5,2,8,9,9
#,#,#,#,#,#,#,#,#,#,#,#,#,#,#,#,#,#,#,#,#,#,#,#,#,#,#,#,#,#,#,#,#,#,#,#,#,#
统计一下，吧里有没有已婚，而且为人父为人母族,11,Devil丶,https://tieba.baidu.com/p/6943452899
标,题,：,统,计,一,下,，,吧,里,有,没,有,已,婚,，,而,且,为,人,父,为,人,母,族
链,接,：,1,1
作,者,：,D,e,v,i,l,丶
人,数,：,h,t,t,p,s,:,/,/,t,i,e,b,a,.,b,a,i,d,u,.,c,o,m,/,p,/,6,9,4,3,4,5,2,8,9,9
#,#,#,#,#,#,#,#,#,#,#,#,#,#,#,#,#,#,#,#,#,#,#,#,#,#,#,#,#,#,#,#,#,#,#,#,#,#
统计一下，吧里有没有已婚，而且为人父为人母族,11,Devil丶,https://tieba.baidu.com/p/6943452899
标,题,：,统,计,一,下,，,吧,里,有,没,有,已,婚,，,而,且,为,人,父,为,人,母,族
链,接,：,1,1
作,者,：,D,e,v,i,l,丶
人,数,：,h,t,t,p,s,:,/,/,t,i,e,b,a,.,b,a,i,d,u,.,c,o,m,/,p,/,6,9,4,3,4,5,2,8,9,9
#,#,#,#,#,#,#,#,#,#,#,#,#,#,#,#,#,#,#,#,#,#,#,#,#,#,#,#,#,#,#,#,#,#,#,#,#,#
统计一下，吧里有没有已婚，而且为人父为人母族,11,Devil丶,https://tieba.baidu.com/p/6943452899
标,题,：,统,计,一,下,，,吧,里,有,没,有,已,婚,，,而,且,为,人,父,为,人,母,族
链,接,：,1,1
作,者,：,D,e,v,i,l,丶
人,数,：,h,t,t,p,s,:,/,/,t,i,e,b,a,.,b,a,i,d,u,.,c,o,m,/,p,/,6,9,4,3,4,5,2,8,9,9
#,#,#,#,#,#,#,#,#,#,#,#,#,#,#,#,#,#,#,#,#,#,#,#,#,#,#,#,#,#,#,#,#,#,#,#,#,#
统计一下，吧里有没有已婚，而且为人父为人母族,11,Devil丶,https://tieba.baidu.com/p/6943452899
标,题,：,统,计,一,下,，,吧,里,有,没,有,已,婚,，,而,且,为,人,父,为,人,母,族
链,接,：,1,1
作,者,：,D,e,v,i,l,丶
人,数,：,h,t,t,p,s,:,/,/,t,i,e,b,a,.,b,a,i,d,u,.,c,o,m,/,p,/,6,9,4,3,4,5,2,8,9,9
#,#,#,#,#,#,#,#,#,#,#,#,#,#,#,#,#,#,#,#,#,#,#,#,#,#,#,#,#,#,#,#,#,#,#,#,#,#
统计一下，吧里有没有已婚，而且为人父为人母族,11,Devil丶,https://tieba.baidu.com/p/6943452899
标,题,：,统,计,一,下,，,吧,里,有,没,有,已,婚,，,而,且,为,人,父,为,人,母,族
链,接,：,1,1
作,者,：,D,e,v,i,l,丶
人,数,：,h,t,t,p,s,:,/,/,t,i,e,b,a,.,b,a,i,d,u,.,c,o,m,/,p,/,6,9,4,3,4,5,2,8,9,9
#,#,#,#,#,#,#,#,#,#,#,#,#,#,#,#,#,#,#,#,#,#,#,#,#,#,#,#,#,#,#,#,#,#,#,#,#,#
统计一下，吧里有没有已婚，而且为人父为人母族,11,Devil丶,https://tieba.baidu.com/p/6943452899
标,题,：,统,计,一,下,，,吧,里,有,没,有,已,婚,，,而,且,为,人,父,为,人,母,族
链,接,：,1,1
作,者,：,D,e,v,i,l,丶
人,数,：,h,t,t,p,s,:,/,/,t,i,e,b,a,.,b,a,i,d,u,.,c,o,m,/,p,/,6,9,4,3,4,5,2,8,9,9
#,#,#,#,#,#,#,#,#,#,#,#,#,#,#,#,#,#,#,#,#,#,#,#,#,#,#,#,#,#,#,#,#,#,#,#,#,#
统计一下，吧里有没有已婚，而且为人父为人母族,11,Devil丶,https://tieba.baidu.com/p/6943452899
标,题,：,统,计,一,下,，,吧,里,有,没,有,已,婚,，,而,且,为,人,父,为,人,母,族
链,接,：,1,1
作,者,：,D,e,v,i,l,丶
人,数,：,h,t,t,p,s,:,/,/,t,i,e,b,a,.,b,a,i,d,u,.,c,o,m,/,p,/,6,9,4,3,4,5,2,8,9,9
#,#,#,#,#,#,#,#,#,#,#,#,#,#,#,#,#,#,#,#,#,#,#,#,#,#,#,#,#,#,#,#,#,#,#,#,#,#
统计一下，吧里有没有已婚，而且为人父为人母族,11,Devil丶,https://tieba.baidu.com/p/6943452899
标,题,：,统,计,一,下,，,吧,里,有,没,有,已,婚,，,而,且,为,人,父,为,人,母,族
链,接,：,1,1
作,者,：,D,e,v,i,l,丶
人,数,：,h,t,t,p,s,:,/,/,t,i,e,b,a,.,b,a,i,d,u,.,c,o,m,/,p,/,6,9,4,3,4,5,2,8,9,9
#,#,#,#,#,#,#,#,#,#,#,#,#,#,#,#,#,#,#,#,#,#,#,#,#,#,#,#,#,#,#,#,#,#,#,#,#,#
统计一下，吧里有没有已婚，而且为人父为人母族,11,Devil丶,https://tieba.baidu.com/p/6943452899
标,题,：,统,计,一,下,，,吧,里,有,没,有,已,婚,，,而,且,为,人,父,为,人,母,族
链,接,：,1,1
作,者,：,D,e,v,i,l,丶
人,数,：,h,t,t,p,s,:,/,/,t,i,e,b,a,.,b,a,i,d,u,.,c,o,m,/,p,/,6,9,4,3,4,5,2,8,9,9
#,#,#,#,#,#,#,#,#,#,#,#,#,#,#,#,#,#,#,#,#,#,#,#,#,#,#,#,#,#,#,#,#,#,#,#,#,#
统计一下，吧里有没有已婚，而且为人父为人母族,11,Devil丶,https://tieba.baidu.com/p/6943452899
标,题,：,统,计,一,下,，,吧,里,有,没,有,已,婚,，,而,且,为,人,父,为,人,母,族
链,接,：,1,1
作,者,：,D,e,v,i,l,丶
人,数,：,h,t,t,p,s,:,/,/,t,i,e,b,a,.,b,a,i,d,u,.,c,o,m,/,p,/,6,9,4,3,4,5,2,8,9,9
#,#,#,#,#,#,#,#,#,#,#,#,#,#,#,#,#,#,#,#,#,#,#,#,#,#,#,#,#,#,#,#,#,#,#,#,#,#
统计一下，吧里有没有已婚，而且为人父为人母族,11,Devil丶,https://tieba.baidu.com/p/6943452899
标,题,：,统,计,一,下,，,吧,里,有,没,有,已,婚,，,而,且,为,人,父,为,人,母,族
链,接,：,1,1
作,者,：,D,e,v,i,l,丶
人,数,：,h,t,t,p,s,:,/,/,t,i,e,b,a,.,b,a,i,d,u,.,c,o,m,/,p,/,6,9,4,3,4,5,2,8,9,9
#,#,#,#,#,#,#,#,#,#,#,#,#,#,#,#,#,#,#,#,#,#,#,#,#,#,#,#,#,#,#,#,#,#,#,#,#,#
统计一下，吧里有没有已婚，而且为人父为人母族,11,Devil丶,https://tieba.baidu.com/p/6943452899
标,题,：,统,计,一,下,，,吧,里,有,没,有,已,婚,，,而,且,为,人,父,为,人,母,族
链,接,：,1,1
作,者,：,D,e,v,i,l,丶
人,数,：,h,t,t,p,s,:,/,/,t,i,e,b,a,.,b,a,i,d,u,.,c,o,m,/,p,/,6,9,4,3,4,5,2,8,9,9
#,#,#,#,#,#,#,#,#,#,#,#,#,#,#,#,#,#,#,#,#,#,#,#,#,#,#,#,#,#,#,#,#,#,#,#,#,#
统计一下，吧里有没有已婚，而且为人父为人母族,11,Devil丶,https://tieba.baidu.com/p/6943452899
标,题,：,统,计,一,下,，,吧,里,有,没,有,已,婚,，,而,且,为,人,父,为,人,母,族
链,接,：,1,1
作,者,：,D,e,v,i,l,丶
人,数,：,h,t,t,p,s,:,/,/,t,i,e,b,a,.,b,a,i,d,u,.,c,o,m,/,p,/,6,9,4,3,4,5,2,8,9,9
#,#,#,#,#,#,#,#,#,#,#,#,#,#,#,#,#,#,#,#,#,#,#,#,#,#,#,#,#,#,#,#,#,#,#,#,#,#
统计一下，吧里有没有已婚，而且为人父为人母族,11,Devil丶,https://tieba.baidu.com/p/6943452899
标,题,：,统,计,一,下,，,吧,里,有,没,有,已,婚,，,而,且,为,人,父,为,人,母,族
链,接,：,1,1
作,者,：,D,e,v,i,l,丶
人,数,：,h,t,t,p,s,:,/,/,t,i,e,b,a,.,b,a,i,d,u,.,c,o,m,/,p,/,6,9,4,3,4,5,2,8,9,9
#,#,#,#,#,#,#,#,#,#,#,#,#,#,#,#,#,#,#,#,#,#,#,#,#,#,#,#,#,#,#,#,#,#,#,#,#,#
统计一下，吧里有没有已婚，而且为人父为人母族,11,Devil丶,https://tieba.baidu.com/p/6943452899
标,题,：,统,计,一,下,，,吧,里,有,没,有,已,婚,，,而,且,为,人,父,为,人,母,族
链,接,：,1,1
作,者,：,D,e,v,i,l,丶
人,数,：,h,t,t,p,s,:,/,/,t,i,e,b,a,.,b,a,i,d,u,.,c,o,m,/,p,/,6,9,4,3,4,5,2,8,9,9
#,#,#,#,#,#,#,#,#,#,#,#,#,#,#,#,#,#,#,#,#,#,#,#,#,#,#,#,#,#,#,#,#,#,#,#,#,#
统计一下，吧里有没有已婚，而且为人父为人母族,11,Devil丶,https://tieba.baidu.com/p/6943452899
标,题,：,统,计,一,下,，,吧,里,有,没,有,已,婚,，,而,且,为,人,父,为,人,母,族
链,接,：,1,1
作,者,：,D,e,v,i,l,丶
人,数,：,h,t,t,p,s,:,/,/,t,i,e,b,a,.,b,a,i,d,u,.,c,o,m,/,p,/,6,9,4,3,4,5,2,8,9,9
#,#,#,#,#,#,#,#,#,#,#,#,#,#,#,#,#,#,#,#,#,#,#,#,#,#,#,#,#,#,#,#,#,#,#,#,#,#
统计一下，吧里有没有已婚，而且为人父为人母族,11,Devil丶,https://tieba.baidu.com/p/6943452899
标,题,：,统,计,一,下,，,吧,里,有,没,有,已,婚,，,而,且,为,人,父,为,人,母,族
链,接,：,1,1
作,者,：,D,e,v,i,l,丶
人,数,：,h,t,t,p,s,:,/,/,t,i,e,b,a,.,b,a,i,d,u,.,c,o,m,/,p,/,6,9,4,3,4,5,2,8,9,9
#,#,#,#,#,#,#,#,#,#,#,#,#,#,#,#,#,#,#,#,#,#,#,#,#,#,#,#,#,#,#,#,#,#,#,#,#,#
统计一下，吧里有没有已婚，而且为人父为人母族,11,Devil丶,https://tieba.baidu.com/p/6943452899
标,题,：,统,计,一,下,，,吧,里,有,没,有,已,婚,，,而,且,为,人,父,为,人,母,族
链,接,：,1,1
作,者,：,D,e,v,i,l,丶
人,数,：,h,t,t,p,s,:,/,/,t,i,e,b,a,.,b,a,i,d,u,.,c,o,m,/,p,/,6,9,4,3,4,5,2,8,9,9
#,#,#,#,#,#,#,#,#,#,#,#,#,#,#,#,#,#,#,#,#,#,#,#,#,#,#,#,#,#,#,#,#,#,#,#,#,#
统计一下，吧里有没有已婚，而且为人父为人母族,11,Devil丶,https://tieba.baidu.com/p/6943452899
标,题,：,统,计,一,下,，,吧,里,有,没,有,已,婚,，,而,且,为,人,父,为,人,母,族
链,接,：,1,1
作,者,：,D,e,v,i,l,丶
人,数,：,h,t,t,p,s,:,/,/,t,i,e,b,a,.,b,a,i,d,u,.,c,o,m,/,p,/,6,9,4,3,4,5,2,8,9,9
#,#,#,#,#,#,#,#,#,#,#,#,#,#,#,#,#,#,#,#,#,#,#,#,#,#,#,#,#,#,#,#,#,#,#,#,#,#
统计一下，吧里有没有已婚，而且为人父为人母族,11,Devil丶,https://tieba.baidu.com/p/6943452899
标,题,：,统,计,一,下,，,吧,里,有,没,有,已,婚,，,而,且,为,人,父,为,人,母,族
链,接,：,1,1
作,者,：,D,e,v,i,l,丶
人,数,：,h,t,t,p,s,:,/,/,t,i,e,b,a,.,b,a,i,d,u,.,c,o,m,/,p,/,6,9,4,3,4,5,2,8,9,9
#,#,#,#,#,#,#,#,#,#,#,#,#,#,#,#,#,#,#,#,#,#,#,#,#,#,#,#,#,#,#,#,#,#,#,#,#,#
统计一下，吧里有没有已婚，而且为人父为人母族,11,Devil丶,https://tieba.baidu.com/p/6943452899
标,题,：,统,计,一,下,，,吧,里,有,没,有,已,婚,，,而,且,为,人,父,为,人,母,族
链,接,：,1,1
作,者,：,D,e,v,i,l,丶
人,数,：,h,t,t,p,s,:,/,/,t,i,e,b,a,.,b,a,i,d,u,.,c,o,m,/,p,/,6,9,4,3,4,5,2,8,9,9
#,#,#,#,#,#,#,#,#,#,#,#,#,#,#,#,#,#,#,#,#,#,#,#,#,#,#,#,#,#,#,#,#,#,#,#,#,#
统计一下，吧里有没有已婚，而且为人父为人母族,11,Devil丶,https://tieba.baidu.com/p/6943452899
标,题,：,统,计,一,下,，,吧,里,有,没,有,已,婚,，,而,且,为,人,父,为,人,母,族
链,接,：,1,1
作,者,：,D,e,v,i,l,丶
人,数,：,h,t,t,p,s,:,/,/,t,i,e,b,a,.,b,a,i,d,u,.,c,o,m,/,p,/,6,9,4,3,4,5,2,8,9,9
#,#,#,#,#,#,#,#,#,#,#,#,#,#,#,#,#,#,#,#,#,#,#,#,#,#,#,#,#,#,#,#,#,#,#,#,#,#
统计一下，吧里有没有已婚，而且为人父为人母族,11,Devil丶,https://tieba.baidu.com/p/6943452899
标,题,：,统,计,一,下,，,吧,里,有,没,有,已,婚,，,而,且,为,人,父,为,人,母,族
链,接,：,1,1
作,者,：,D,e,v,i,l,丶
人,数,：,h,t,t,p,s,:,/,/,t,i,e,b,a,.,b,a,i,d,u,.,c,o,m,/,p,/,6,9,4,3,4,5,2,8,9,9
#,#,#,#,#,#,#,#,#,#,#,#,#,#,#,#,#,#,#,#,#,#,#,#,#,#,#,#,#,#,#,#,#,#,#,#,#,#
统计一下，吧里有没有已婚，而且为人父为人母族,11,Devil丶,https://tieba.baidu.com/p/6943452899
标,题,：,统,计,一,下,，,吧,里,有,没,有,已,婚,，,而,且,为,人,父,为,人,母,族
链,接,：,1,1
作,者,：,D,e,v,i,l,丶
人,数,：,h,t,t,p,s,:,/,/,t,i,e,b,a,.,b,a,i,d,u,.,c,o,m,/,p,/,6,9,4,3,4,5,2,8,9,9
#,#,#,#,#,#,#,#,#,#,#,#,#,#,#,#,#,#,#,#,#,#,#,#,#,#,#,#,#,#,#,#,#,#,#,#,#,#
统计一下，吧里有没有已婚，而且为人父为人母族,11,Devil丶,https://tieba.baidu.com/p/6943452899
标,题,：,统,计,一,下,，,吧,里,有,没,有,已,婚,，,而,且,为,人,父,为,人,母,族
链,接,：,1,1
作,者,：,D,e,v,i,l,丶
人,数,：,h,t,t,p,s,:,/,/,t,i,e,b,a,.,b,a,i,d,u,.,c,o,m,/,p,/,6,9,4,3,4,5,2,8,9,9
#,#,#,#,#,#,#,#,#,#,#,#,#,#,#,#,#,#,#,#,#,#,#,#,#,#,#,#,#,#,#,#,#,#,#,#,#,#
统计一下，吧里有没有已婚，而且为人父为人母族,11,Devil丶,https://tieba.baidu.com/p/6943452899
标,题,：,统,计,一,下,，,吧,里,有,没,有,已,婚,，,而,且,为,人,父,为,人,母,族
链,接,：,1,1
作,者,：,D,e,v,i,l,丶
人,数,：,h,t,t,p,s,:,/,/,t,i,e,b,a,.,b,a,i,d,u,.,c,o,m,/,p,/,6,9,4,3,4,5,2,8,9,9
#,#,#,#,#,#,#,#,#,#,#,#,#,#,#,#,#,#,#,#,#,#,#,#,#,#,#,#,#,#,#,#,#,#,#,#,#,#
统计一下，吧里有没有已婚，而且为人父为人母族,11,Devil丶,https://tieba.baidu.com/p/6943452899
标,题,：,统,计,一,下,，,吧,里,有,没,有,已,婚,，,而,且,为,人,父,为,人,母,族
链,接,：,1,1
作,者,：,D,e,v,i,l,丶
人,数,：,h,t,t,p,s,:,/,/,t,i,e,b,a,.,b,a,i,d,u,.,c,o,m,/,p,/,6,9,4,3,4,5,2,8,9,9
#,#,#,#,#,#,#,#,#,#,#,#,#,#,#,#,#,#,#,#,#,#,#,#,#,#,#,#,#,#,#,#,#,#,#,#,#,#
统计一下，吧里有没有已婚，而且为人父为人母族,11,Devil丶,https://tieba.baidu.com/p/6943452899
标,题,：,统,计,一,下,，,吧,里,有,没,有,已,婚,，,而,且,为,人,父,为,人,母,族
链,接,：,1,1
作,者,：,D,e,v,i,l,丶
人,数,：,h,t,t,p,s,:,/,/,t,i,e,b,a,.,b,a,i,d,u,.,c,o,m,/,p,/,6,9,4,3,4,5,2,8,9,9
#,#,#,#,#,#,#,#,#,#,#,#,#,#,#,#,#,#,#,#,#,#,#,#,#,#,#,#,#,#,#,#,#,#,#,#,#,#
统计一下，吧里有没有已婚，而且为人父为人母族,11,Devil丶,https://tieba.baidu.com/p/6943452899
标,题,：,统,计,一,下,，,吧,里,有,没,有,已,婚,，,而,且,为,人,父,为,人,母,族
链,接,：,1,1
作,者,：,D,e,v,i,l,丶
人,数,：,h,t,t,p,s,:,/,/,t,i,e,b,a,.,b,a,i,d,u,.,c,o,m,/,p,/,6,9,4,3,4,5,2,8,9,9
#,#,#,#,#,#,#,#,#,#,#,#,#,#,#,#,#,#,#,#,#,#,#,#,#,#,#,#,#,#,#,#,#,#,#,#,#,#
统计一下，吧里有没有已婚，而且为人父为人母族,11,Devil丶,https://tieba.baidu.com/p/6943452899
标,题,：,统,计,一,下,，,吧,里,有,没,有,已,婚,，,而,且,为,人,父,为,人,母,族
链,接,：,1,1
作,者,：,D,e,v,i,l,丶
人,数,：,h,t,t,p,s,:,/,/,t,i,e,b,a,.,b,a,i,d,u,.,c,o,m,/,p,/,6,9,4,3,4,5,2,8,9,9
#,#,#,#,#,#,#,#,#,#,#,#,#,#,#,#,#,#,#,#,#,#,#,#,#,#,#,#,#,#,#,#,#,#,#,#,#,#
统计一下，吧里有没有已婚，而且为人父为人母族,11,Devil丶,https://tieba.baidu.com/p/6943452899
