标,题,：,【,贴,吧,地,区,】
链,接,：,h,t,t,p,s,:,/,/,t,i,e,b,a,.,b,a,i,d,u,.,c,o,m,/,p,/,6,9,2,3,1,9,6,3,3,1
作,者,：,扬,花,最,美
人,数,：,5
#,#,#,#,#,#,#,#,#,#,#,#,#,#,#,#,#,#,#,#,#,#,#,#,#,#,#,#,#,#,#,#,#,#,#,#,#,#
【贴吧地区】,https://tieba.baidu.com/f,扬花最美,5
标,题,：,【,公,告,】,杭,州,吧,吧,规,V,2,.,0,（,2,0,2,0,年,8,月,1,0,日,）
链,接,：,h,t,t,p,s,:,/,/,t,i,e,b,a,.,b,a,i,d,u,.,c,o,m,/,p,/,6,8,7,3,1,8,3,5,0,4
作,者,：,扬,花,最,美
人,数,：,3,0
#,#,#,#,#,#,#,#,#,#,#,#,#,#,#,#,#,#,#,#,#,#,#,#,#,#,#,#,#,#,#,#,#,#,#,#,#,#
【公告】杭州吧吧规V2.0（2020年8月10日）,https://tieba.baidu.com/f,扬花最美,30
标,题,：,【,2,0,2,0,第,二,季,】,杭,州,吧,便,民,服,务,专,贴
链,接,：,h,t,t,p,s,:,/,/,t,i,e,b,a,.,b,a,i,d,u,.,c,o,m,/,p,/,6,6,1,8,4,5,6,5,2,7
作,者,：,美,丽,杭,州,.,.,.
人,数,：,4,2,5
#,#,#,#,#,#,#,#,#,#,#,#,#,#,#,#,#,#,#,#,#,#,#,#,#,#,#,#,#,#,#,#,#,#,#,#,#,#
【2020第二季】杭州吧便民服务专贴,https://tieba.baidu.com/f,美丽杭州...,425
标,题,：,我,发,表,了,一,篇,图,片,贴,，,大,伙,来,看,看,吧,~
链,接,：,h,t,t,p,s,:,/,/,t,i,e,b,a,.,b,a,i,d,u,.,c,o,m,/,p,/,6,9,4,2,7,6,9,6,1,0
作,者,：,泽,尻,则,东
人,数,：,7
#,#,#,#,#,#,#,#,#,#,#,#,#,#,#,#,#,#,#,#,#,#,#,#,#,#,#,#,#,#,#,#,#,#,#,#,#,#
我发表了一篇图片贴，大伙来看看吧~,https://tieba.baidu.com/f,泽尻则东,7
标,题,：,边,玩,边,工,作,，,拉,闸,净,化,空,气,。,进,的,加,我
链,接,：,h,t,t,p,s,:,/,/,t,i,e,b,a,.,b,a,i,d,u,.,c,o,m,/,p,/,6,9,4,2,8,8,8,4,4,4
作,者,：,咿,呀,哟,9,9,9
人,数,：,4
#,#,#,#,#,#,#,#,#,#,#,#,#,#,#,#,#,#,#,#,#,#,#,#,#,#,#,#,#,#,#,#,#,#,#,#,#,#
边玩边工作，拉闸净化空气。进的加我,https://tieba.baidu.com/f,咿呀哟999,4
标,题,：,私
链,接,：,h,t,t,p,s,:,/,/,t,i,e,b,a,.,b,a,i,d,u,.,c,o,m,/,p,/,6,9,4,2,8,9,3,4,3,3
作,者,：,H,U,A,H,U,A,最,可,爱
人,数,：,0
#,#,#,#,#,#,#,#,#,#,#,#,#,#,#,#,#,#,#,#,#,#,#,#,#,#,#,#,#,#,#,#,#,#,#,#,#,#
私,https://tieba.baidu.com/f,HUAHUA最可爱,0
标,题,：,女,生,月,薪,6,0,0,0, ,还,算,可,以,吗,？
链,接,：,h,t,t,p,s,:,/,/,t,i,e,b,a,.,b,a,i,d,u,.,c,o,m,/,p,/,6,9,4,2,9,0,4,5,7,8
作,者,：,小,焦,焦
人,数,：,0
#,#,#,#,#,#,#,#,#,#,#,#,#,#,#,#,#,#,#,#,#,#,#,#,#,#,#,#,#,#,#,#,#,#,#,#,#,#
女生月薪6000 还算可以吗？,https://tieba.baidu.com/f,小焦焦,0
标,题,：,今,天,不,上,班,，,今,晚,准,备,和,朋,友,小,聚,一,下,，,然,后,找,个,巴,适,的,地,方,享,受,一
链,接,：,h,t,t,p,s,:,/,/,t,i,e,b,a,.,b,a,i,d,u,.,c,o,m,/,p,/,6,9,4,2,8,9,1,3,6,5
作,者,：,G,调,d,e,哗,丽
人,数,：,1
#,#,#,#,#,#,#,#,#,#,#,#,#,#,#,#,#,#,#,#,#,#,#,#,#,#,#,#,#,#,#,#,#,#,#,#,#,#
今天不上班，今晚准备和朋友小聚一下，然后找个巴适的地方享受一,https://tieba.baidu.com/f,G调de哗丽,1
标,题,：,我,发,表,了,一,篇,图,片,贴,，,大,伙,来,看,看,吧,~
链,接,：,h,t,t,p,s,:,/,/,t,i,e,b,a,.,b,a,i,d,u,.,c,o,m,/,p,/,6,9,4,2,5,3,6,3,4,7
作,者,：,射,手,A,r,e,y,o,u
人,数,：,5
#,#,#,#,#,#,#,#,#,#,#,#,#,#,#,#,#,#,#,#,#,#,#,#,#,#,#,#,#,#,#,#,#,#,#,#,#,#
我发表了一篇图片贴，大伙来看看吧~,https://tieba.baidu.com/f,射手Areyou,5
标,题,：,我,发,表,了,一,篇,图,片,贴,，,大,伙,来,看,看,吧,~
链,接,：,h,t,t,p,s,:,/,/,t,i,e,b,a,.,b,a,i,d,u,.,c,o,m,/,p,/,6,9,4,2,8,9,2,7,2,7
作,者,：,5,I,6,W,o,I,4,t,M,5,T,2
人,数,：,0
#,#,#,#,#,#,#,#,#,#,#,#,#,#,#,#,#,#,#,#,#,#,#,#,#,#,#,#,#,#,#,#,#,#,#,#,#,#
我发表了一篇图片贴，大伙来看看吧~,https://tieba.baidu.com/f,5I6WoI4tM5T2,0
标,题,：,江,干,区,彭,埠,和,七,堡,之,间, ,淮,矿,东,元,府,1,0,楼,单,间,转,租,，,有,需,要,的,朋,友
链,接,：,h,t,t,p,s,:,/,/,t,i,e,b,a,.,b,a,i,d,u,.,c,o,m,/,p,/,6,9,4,0,4,6,0,4,8,3
作,者,：,枫,叶
人,数,：,3
#,#,#,#,#,#,#,#,#,#,#,#,#,#,#,#,#,#,#,#,#,#,#,#,#,#,#,#,#,#,#,#,#,#,#,#,#,#
江干区彭埠和七堡之间 淮矿东元府10楼单间转租，有需要的朋友,https://tieba.baidu.com/f,枫叶,3
标,题,：,台,州,宁,波,杭,州,当,天,往,返,，,可,带,紧,急,当,天,件
链,接,：,h,t,t,p,s,:,/,/,t,i,e,b,a,.,b,a,i,d,u,.,c,o,m,/,p,/,6,9,4,2,8,7,9,1,4,7
作,者,：,台,宁,杭,当,.,.,.
人,数,：,0
#,#,#,#,#,#,#,#,#,#,#,#,#,#,#,#,#,#,#,#,#,#,#,#,#,#,#,#,#,#,#,#,#,#,#,#,#,#
台州宁波杭州当天往返，可带紧急当天件,https://tieba.baidu.com/f,台宁杭当...,0
标,题,：,江,干,区,彭,埠,和,七,堡,之,间, ,淮,矿,东,元,府,1,0,楼,单,间,转,租,，,有,需,要,的,朋,友
链,接,：,h,t,t,p,s,:,/,/,t,i,e,b,a,.,b,a,i,d,u,.,c,o,m,/,p,/,6,9,4,0,4,6,3,2,3,7
作,者,：,枫,叶
人,数,：,3
#,#,#,#,#,#,#,#,#,#,#,#,#,#,#,#,#,#,#,#,#,#,#,#,#,#,#,#,#,#,#,#,#,#,#,#,#,#
江干区彭埠和七堡之间 淮矿东元府10楼单间转租，有需要的朋友,https://tieba.baidu.com/f,枫叶,3
标,题,：,我,发,表,了,一,篇,图,片,贴,，,大,伙,来,看,看,吧,~
链,接,：,h,t,t,p,s,:,/,/,t,i,e,b,a,.,b,a,i,d,u,.,c,o,m,/,p,/,6,9,4,2,0,8,3,7,7,5
作,者,：,西,西,小,姐,.,.,.
人,数,：,1,1
#,#,#,#,#,#,#,#,#,#,#,#,#,#,#,#,#,#,#,#,#,#,#,#,#,#,#,#,#,#,#,#,#,#,#,#,#,#
我发表了一篇图片贴，大伙来看看吧~,https://tieba.baidu.com/f,西西小姐...,11
标,题,：,杭,州,品,众,云,谷,科,技
链,接,：,h,t,t,p,s,:,/,/,t,i,e,b,a,.,b,a,i,d,u,.,c,o,m,/,p,/,6,9,4,2,8,6,7,4,8,0
作,者,：,昊,昊,仔,仔,8,.,.,.
人,数,：,1
#,#,#,#,#,#,#,#,#,#,#,#,#,#,#,#,#,#,#,#,#,#,#,#,#,#,#,#,#,#,#,#,#,#,#,#,#,#
杭州品众云谷科技,https://tieba.baidu.com/f,昊昊仔仔8...,1
标,题,：,我,发,表,了,一,篇,图,片,贴,，,大,伙,来,看,看,吧,~
链,接,：,h,t,t,p,s,:,/,/,t,i,e,b,a,.,b,a,i,d,u,.,c,o,m,/,p,/,6,9,4,2,7,5,6,4,2,5
作,者,：,小,可,爱,9,9,9,9,9,m,m
人,数,：,3
#,#,#,#,#,#,#,#,#,#,#,#,#,#,#,#,#,#,#,#,#,#,#,#,#,#,#,#,#,#,#,#,#,#,#,#,#,#
我发表了一篇图片贴，大伙来看看吧~,https://tieba.baidu.com/f,小可爱99999mm,3
标,题,：,周,末,想,找,个,地,方,享,受,一,下,，,铁,子,们,进,来,给,我,留,言,一,下,呗
链,接,：,h,t,t,p,s,:,/,/,t,i,e,b,a,.,b,a,i,d,u,.,c,o,m,/,p,/,6,9,4,2,9,0,0,7,4,4
作,者,：,我,凑,个,热,.,.,.
人,数,：,0
#,#,#,#,#,#,#,#,#,#,#,#,#,#,#,#,#,#,#,#,#,#,#,#,#,#,#,#,#,#,#,#,#,#,#,#,#,#
周末想找个地方享受一下，铁子们进来给我留言一下呗,https://tieba.baidu.com/f,我凑个热...,0
标,题,：,有,好,工,作,推,荐,吗,？
链,接,：,h,t,t,p,s,:,/,/,t,i,e,b,a,.,b,a,i,d,u,.,c,o,m,/,p,/,6,9,4,2,8,9,5,8,8,5
作,者,：,圆,妹,妹
人,数,：,1
#,#,#,#,#,#,#,#,#,#,#,#,#,#,#,#,#,#,#,#,#,#,#,#,#,#,#,#,#,#,#,#,#,#,#,#,#,#
有好工作推荐吗？,https://tieba.baidu.com/f,圆妹妹,1
标,题,：,2,号,线, , ,5,号,线, , ,地,铁,口,，,白,洋,，,金,家,渡,，,墩,祥,街,，,三,墩,，,虾,龙
链,接,：,h,t,t,p,s,:,/,/,t,i,e,b,a,.,b,a,i,d,u,.,c,o,m,/,p,/,6,9,4,2,8,8,2,5,4,4
作,者,：,料,理,包,批,.,.,.
人,数,：,0
#,#,#,#,#,#,#,#,#,#,#,#,#,#,#,#,#,#,#,#,#,#,#,#,#,#,#,#,#,#,#,#,#,#,#,#,#,#
2号线  5号线  地铁口，白洋，金家渡，墩祥街，三墩，虾龙,https://tieba.baidu.com/f,料理包批...,0
标,题,：,老,哥,们,修,啊
链,接,：,h,t,t,p,s,:,/,/,t,i,e,b,a,.,b,a,i,d,u,.,c,o,m,/,p,/,6,9,4,2,8,2,8,3,8,5
作,者,：,和,平,猪,大,.,.,.
人,数,：,6
#,#,#,#,#,#,#,#,#,#,#,#,#,#,#,#,#,#,#,#,#,#,#,#,#,#,#,#,#,#,#,#,#,#,#,#,#,#
老哥们修啊,https://tieba.baidu.com/f,和平猪大...,6
标,题,：,我,发,表,了,一,篇,图,片,贴,，,大,伙,来,看,看,吧,~
链,接,：,h,t,t,p,s,:,/,/,t,i,e,b,a,.,b,a,i,d,u,.,c,o,m,/,p,/,6,9,4,2,8,2,9,8,9,8
作,者,：,小,柒,染
人,数,：,1
#,#,#,#,#,#,#,#,#,#,#,#,#,#,#,#,#,#,#,#,#,#,#,#,#,#,#,#,#,#,#,#,#,#,#,#,#,#
我发表了一篇图片贴，大伙来看看吧~,https://tieba.baidu.com/f,小柒染,1
标,题,：,吧,里,，,有,没,有,美,女,，,年,龄,大,点,没,关,系,，,求,吧,主,别,删,帖
链,接,：,h,t,t,p,s,:,/,/,t,i,e,b,a,.,b,a,i,d,u,.,c,o,m,/,p,/,6,9,4,2,8,2,9,9,8,5
作,者,：,南,柯,一,梦,.,.,.
人,数,：,0
#,#,#,#,#,#,#,#,#,#,#,#,#,#,#,#,#,#,#,#,#,#,#,#,#,#,#,#,#,#,#,#,#,#,#,#,#,#
吧里，有没有美女，年龄大点没关系，求吧主别删帖,https://tieba.baidu.com/f,南柯一梦...,0
标,题,：,我,发,表,了,一,篇,视,频,贴,，,大,伙,来,看,看,吧,~
链,接,：,h,t,t,p,s,:,/,/,t,i,e,b,a,.,b,a,i,d,u,.,c,o,m,/,p,/,6,9,4,2,7,0,2,6,8,6
作,者,：,深,入
人,数,：,0
#,#,#,#,#,#,#,#,#,#,#,#,#,#,#,#,#,#,#,#,#,#,#,#,#,#,#,#,#,#,#,#,#,#,#,#,#,#
我发表了一篇视频贴，大伙来看看吧~,https://tieba.baidu.com/f,深入,0
标,题,：,我,发,表,了,一,篇,图,片,贴,，,大,伙,来,看,看,吧,~
链,接,：,h,t,t,p,s,:,/,/,t,i,e,b,a,.,b,a,i,d,u,.,c,o,m,/,p,/,6,9,4,2,6,9,4,2,5,4
作,者,：,贴,吧,用,户,_,.,.,.
人,数,：,3
#,#,#,#,#,#,#,#,#,#,#,#,#,#,#,#,#,#,#,#,#,#,#,#,#,#,#,#,#,#,#,#,#,#,#,#,#,#
我发表了一篇图片贴，大伙来看看吧~,https://tieba.baidu.com/f,贴吧用户_...,3
标,题,：,有,在,杭,州,的,江,西,老,乡,吗,？,本,人,九,江,的
链,接,：,h,t,t,p,s,:,/,/,t,i,e,b,a,.,b,a,i,d,u,.,c,o,m,/,p,/,6,8,6,8,8,6,4,0,9,8
作,者,：,芜,湖
人,数,：,7,2
#,#,#,#,#,#,#,#,#,#,#,#,#,#,#,#,#,#,#,#,#,#,#,#,#,#,#,#,#,#,#,#,#,#,#,#,#,#
有在杭州的江西老乡吗？本人九江的,https://tieba.baidu.com/f,芜湖,72
标,题,：,西,塘
链,接,：,h,t,t,p,s,:,/,/,t,i,e,b,a,.,b,a,i,d,u,.,c,o,m,/,p,/,6,9,4,2,7,1,5,3,4,3
作,者,：,月,光,下,的,.,.,.
人,数,：,0
#,#,#,#,#,#,#,#,#,#,#,#,#,#,#,#,#,#,#,#,#,#,#,#,#,#,#,#,#,#,#,#,#,#,#,#,#,#
西塘,https://tieba.baidu.com/f,月光下的...,0
标,题,：,支,援,失,业,少,女,。,在,线,等,人
链,接,：,h,t,t,p,s,:,/,/,t,i,e,b,a,.,b,a,i,d,u,.,c,o,m,/,p,/,6,9,3,0,0,7,0,4,3,9
作,者,：,嘣,吧,吧,嘞,.,.,.
人,数,：,7
#,#,#,#,#,#,#,#,#,#,#,#,#,#,#,#,#,#,#,#,#,#,#,#,#,#,#,#,#,#,#,#,#,#,#,#,#,#
支援失业少女。在线等人,https://tieba.baidu.com/f,嘣吧吧嘞...,7
标,题,：,嘉,瑞,华,庭,，,1,3,5,方,3,室,2,厅,2,卫,，,萧,山,金,城,路,，,萧,山,医,院,旁,，,大,润
链,接,：,h,t,t,p,s,:,/,/,t,i,e,b,a,.,b,a,i,d,u,.,c,o,m,/,p,/,6,9,3,2,0,7,3,9,9,1
作,者,：,北,风,丶
人,数,：,1,1
#,#,#,#,#,#,#,#,#,#,#,#,#,#,#,#,#,#,#,#,#,#,#,#,#,#,#,#,#,#,#,#,#,#,#,#,#,#
嘉瑞华庭，135方3室2厅2卫，萧山金城路，萧山医院旁，大润,https://tieba.baidu.com/f,北风丶,11
标,题,：,杭,州,的,景,区,现,在,都,开,发, ,可,以,进,去,吗, ,想,去,旅,游
链,接,：,h,t,t,p,s,:,/,/,t,i,e,b,a,.,b,a,i,d,u,.,c,o,m,/,p,/,6,9,4,2,8,2,9,2,7,3
作,者,：,小,焦,焦
人,数,：,2
#,#,#,#,#,#,#,#,#,#,#,#,#,#,#,#,#,#,#,#,#,#,#,#,#,#,#,#,#,#,#,#,#,#,#,#,#,#
杭州的景区现在都开发 可以进去吗 想去旅游,https://tieba.baidu.com/f,小焦焦,2
标,题,：,杭,州,玩,耍,求,指,导
链,接,：,h,t,t,p,s,:,/,/,t,i,e,b,a,.,b,a,i,d,u,.,c,o,m,/,p,/,6,8,2,0,1,1,5,0,1,3
作,者,：,此,名,太,优,秀
人,数,：,7,9
#,#,#,#,#,#,#,#,#,#,#,#,#,#,#,#,#,#,#,#,#,#,#,#,#,#,#,#,#,#,#,#,#,#,#,#,#,#
杭州玩耍求指导,https://tieba.baidu.com/f,此名太优秀,79
标,题,：,走,你
链,接,：,h,t,t,p,s,:,/,/,t,i,e,b,a,.,b,a,i,d,u,.,c,o,m,/,p,/,6,9,4,2,6,9,2,2,7,5
作,者,：,宝,贝
人,数,：,0
#,#,#,#,#,#,#,#,#,#,#,#,#,#,#,#,#,#,#,#,#,#,#,#,#,#,#,#,#,#,#,#,#,#,#,#,#,#
走你,https://tieba.baidu.com/f,宝贝,0
标,题,：,明,天,去,乔,波,滑,雪,啊,！
链,接,：,h,t,t,p,s,:,/,/,t,i,e,b,a,.,b,a,i,d,u,.,c,o,m,/,p,/,6,9,4,1,1,6,1,3,2,3
作,者,：,胖,成,椭,圆
人,数,：,5
#,#,#,#,#,#,#,#,#,#,#,#,#,#,#,#,#,#,#,#,#,#,#,#,#,#,#,#,#,#,#,#,#,#,#,#,#,#
明天去乔波滑雪啊！,https://tieba.baidu.com/f,胖成椭圆,5
标,题,：,急,招,监,控,员,，,有,消,控,证,，,4,0,岁,以,下,，,工,资,5,0,0,0,-,5,5,0,0,，,包
链,接,：,h,t,t,p,s,:,/,/,t,i,e,b,a,.,b,a,i,d,u,.,c,o,m,/,p,/,6,9,4,0,6,8,9,7,4,3
作,者,：,贴,吧,用,户,_,.,.,.
人,数,：,1,1
#,#,#,#,#,#,#,#,#,#,#,#,#,#,#,#,#,#,#,#,#,#,#,#,#,#,#,#,#,#,#,#,#,#,#,#,#,#
急招监控员，有消控证，40岁以下，工资5000-5500，包,https://tieba.baidu.com/f,贴吧用户_...,11
标,题,：,这,附,近,有,晚,上,出,来,玩,的,吗,？
链,接,：,h,t,t,p,s,:,/,/,t,i,e,b,a,.,b,a,i,d,u,.,c,o,m,/,p,/,6,9,3,9,8,0,4,0,4,4
作,者,：,贴,吧,用,户,_,.,.,.
人,数,：,3
#,#,#,#,#,#,#,#,#,#,#,#,#,#,#,#,#,#,#,#,#,#,#,#,#,#,#,#,#,#,#,#,#,#,#,#,#,#
这附近有晚上出来玩的吗？,https://tieba.baidu.com/f,贴吧用户_...,3
标,题,：,D,i,d,i,，,一,起,学,习,外,语,吗
链,接,：,h,t,t,p,s,:,/,/,t,i,e,b,a,.,b,a,i,d,u,.,c,o,m,/,p,/,6,9,4,2,8,2,1,0,1,0
作,者,：,s,o,n,g,y,a,n,a,a,a,0
人,数,：,1
#,#,#,#,#,#,#,#,#,#,#,#,#,#,#,#,#,#,#,#,#,#,#,#,#,#,#,#,#,#,#,#,#,#,#,#,#,#
Didi，一起学习外语吗,https://tieba.baidu.com/f,songyanaaa0,1
标,题,：,一,室,转,租, ,在,杭,州,西,湖,区, ,（,本,人,大,学,生, ,因,课,程,原,因,提,早,离,开, ,还
链,接,：,h,t,t,p,s,:,/,/,t,i,e,b,a,.,b,a,i,d,u,.,c,o,m,/,p,/,6,9,3,9,9,6,9,3,8,0
作,者,：,可,多,多
人,数,：,3
#,#,#,#,#,#,#,#,#,#,#,#,#,#,#,#,#,#,#,#,#,#,#,#,#,#,#,#,#,#,#,#,#,#,#,#,#,#
一室转租 在杭州西湖区 （本人大学生 因课程原因提早离开 还,https://tieba.baidu.com/f,可多多,3
标,题,：,想,问,问,大,家,，,那,个,医,院,看,男,科,好,一,点,，,快,订,婚,了,，,想,去,看,看,去,，,时,间
链,接,：,h,t,t,p,s,:,/,/,t,i,e,b,a,.,b,a,i,d,u,.,c,o,m,/,p,/,6,9,4,0,8,0,1,6,9,3
作,者,：,认,真,的
人,数,：,1
#,#,#,#,#,#,#,#,#,#,#,#,#,#,#,#,#,#,#,#,#,#,#,#,#,#,#,#,#,#,#,#,#,#,#,#,#,#
想问问大家，那个医院看男科好一点，快订婚了，想去看看去，时间,https://tieba.baidu.com/f,认真的,1
标,题,：,处,对,象,嘛,，,牵,手,就,是,一,辈,子,，,分,手,就,自,杀,那,种,！
链,接,：,h,t,t,p,s,:,/,/,t,i,e,b,a,.,b,a,i,d,u,.,c,o,m,/,p,/,6,9,4,1,8,8,1,2,2,0
作,者,：,比,槐,核,h,d,o,8,y,v,1
人,数,：,2
#,#,#,#,#,#,#,#,#,#,#,#,#,#,#,#,#,#,#,#,#,#,#,#,#,#,#,#,#,#,#,#,#,#,#,#,#,#
处对象嘛，牵手就是一辈子，分手就自杀那种！,https://tieba.baidu.com/f,比槐核hdo8yv1,2
标,题,：,杭,州,索,菲,特,西,湖,大,酒,店, ,价,值,8,5,0, , ,需,要,的,来
链,接,：,h,t,t,p,s,:,/,/,t,i,e,b,a,.,b,a,i,d,u,.,c,o,m,/,p,/,6,9,4,2,8,2,1,9,3,9
作,者,：,都,不,见,了
人,数,：,0
#,#,#,#,#,#,#,#,#,#,#,#,#,#,#,#,#,#,#,#,#,#,#,#,#,#,#,#,#,#,#,#,#,#,#,#,#,#
杭州索菲特西湖大酒店 价值850  需要的来,https://tieba.baidu.com/f,都不见了,0
标,题,：,这,个,抠,脚,大,汉,，,卖,假,资,源,骗,钱,的
链,接,：,h,t,t,p,s,:,/,/,t,i,e,b,a,.,b,a,i,d,u,.,c,o,m,/,p,/,6,9,3,7,3,1,0,7,8,0
作,者,：,游,戏,达,人
人,数,：,1
#,#,#,#,#,#,#,#,#,#,#,#,#,#,#,#,#,#,#,#,#,#,#,#,#,#,#,#,#,#,#,#,#,#,#,#,#,#
这个抠脚大汉，卖假资源骗钱的,https://tieba.baidu.com/f,游戏达人,1
标,题,：,性,别,:,男,出,生,年,份,：,1,9,9,6,学,历,：,本,科,身,高,：,1,7,1,c,m,体,重,：,5
链,接,：,h,t,t,p,s,:,/,/,t,i,e,b,a,.,b,a,i,d,u,.,c,o,m,/,p,/,6,9,3,6,4,1,5,3,5,1
作,者,：,切,蛋,鱼,闯,.,.,.
人,数,：,4
#,#,#,#,#,#,#,#,#,#,#,#,#,#,#,#,#,#,#,#,#,#,#,#,#,#,#,#,#,#,#,#,#,#,#,#,#,#
性别:男出生年份：1996学历：本科身高：171cm体重：5,https://tieba.baidu.com/f,切蛋鱼闯...,4
标,题,：,有,没,有,明,天,一,起,的,。
链,接,：,h,t,t,p,s,:,/,/,t,i,e,b,a,.,b,a,i,d,u,.,c,o,m,/,p,/,6,9,4,1,1,9,0,2,7,9
作,者,：,拍,一,拍
人,数,：,1
#,#,#,#,#,#,#,#,#,#,#,#,#,#,#,#,#,#,#,#,#,#,#,#,#,#,#,#,#,#,#,#,#,#,#,#,#,#
有没有明天一起的。,https://tieba.baidu.com/f,拍一拍,1
标,题,：,本,人,杭,州,摄,影,师,一,枚,！,寻,找,抖,音,合,伙,人,！,模,特,！,编,导,！
链,接,：,h,t,t,p,s,:,/,/,t,i,e,b,a,.,b,a,i,d,u,.,c,o,m,/,p,/,6,9,2,3,4,0,4,5,3,5
作,者,：,w,w,w,b,a,c,k,5,2,0,5,2,0
人,数,：,6
#,#,#,#,#,#,#,#,#,#,#,#,#,#,#,#,#,#,#,#,#,#,#,#,#,#,#,#,#,#,#,#,#,#,#,#,#,#
本人杭州摄影师一枚！寻找抖音合伙人！模特！编导！,https://tieba.baidu.com/f,wwwback520520,6
标,题,：,因,为,急,着,回,家, ,转,租,滨,江,湘,云,雅,苑, ,还,有,二,十,天,房,租,只,要,2,0,0,块,钱
链,接,：,h,t,t,p,s,:,/,/,t,i,e,b,a,.,b,a,i,d,u,.,c,o,m,/,p,/,6,9,4,2,2,4,0,6,5,8
作,者,：,铁,铁,酱
人,数,：,1,3
#,#,#,#,#,#,#,#,#,#,#,#,#,#,#,#,#,#,#,#,#,#,#,#,#,#,#,#,#,#,#,#,#,#,#,#,#,#
因为急着回家 转租滨江湘云雅苑 还有二十天房租只要200块钱,https://tieba.baidu.com/f,铁铁酱,13
标,题,：,杭,州,落,户,，,小,孩,入,学,，,房,产,咨,询,，,戳,我,！,…,h,t,t,p,:,/,/,h,a,n,g
链,接,：,h,t,t,p,s,:,/,/,t,i,e,b,a,.,b,a,i,d,u,.,c,o,m,/,p,/,6,9,4,2,8,4,0,9,1,0
作,者,：,阿,必,读,狮,子
人,数,：,0
#,#,#,#,#,#,#,#,#,#,#,#,#,#,#,#,#,#,#,#,#,#,#,#,#,#,#,#,#,#,#,#,#,#,#,#,#,#
杭州落户，小孩入学，房产咨询，戳我！…http://hang,https://tieba.baidu.com/f,阿必读狮子,0
标,题,：,在,杭,州,没,地,方,住,了,怎,么,办
链,接,：,h,t,t,p,s,:,/,/,t,i,e,b,a,.,b,a,i,d,u,.,c,o,m,/,p,/,6,9,3,8,0,2,8,6,0,3
作,者,：,毒,药,教,主
人,数,：,2,3
#,#,#,#,#,#,#,#,#,#,#,#,#,#,#,#,#,#,#,#,#,#,#,#,#,#,#,#,#,#,#,#,#,#,#,#,#,#
在杭州没地方住了怎么办,https://tieba.baidu.com/f,毒药教主,23
标,题,：,有,在,杭,州,工,作,的,北,方,老,乡,么,，,有,的,可,以,私,聊,我,，,拉,你,进,老,乡,群
链,接,：,h,t,t,p,s,:,/,/,t,i,e,b,a,.,b,a,i,d,u,.,c,o,m,/,p,/,6,9,4,2,8,1,1,6,9,6
作,者,：,协,奏,w,y
人,数,：,2
#,#,#,#,#,#,#,#,#,#,#,#,#,#,#,#,#,#,#,#,#,#,#,#,#,#,#,#,#,#,#,#,#,#,#,#,#,#
有在杭州工作的北方老乡么，有的可以私聊我，拉你进老乡群,https://tieba.baidu.com/f,协奏wy,2
标,题,：,【,记,录,】,我,的,杭,州,创,业,日,记
链,接,：,h,t,t,p,s,:,/,/,t,i,e,b,a,.,b,a,i,d,u,.,c,o,m,/,p,/,6,9,4,2,0,0,7,3,0,8
作,者,：,轮,回,终,湮,王
人,数,：,4
#,#,#,#,#,#,#,#,#,#,#,#,#,#,#,#,#,#,#,#,#,#,#,#,#,#,#,#,#,#,#,#,#,#,#,#,#,#
【记录】我的杭州创业日记,https://tieba.baidu.com/f,轮回终湮王,4
标,题,：,出,租,一,个,单,间,，,一,个,人,5,0,0,，,俩,个,人,7,5,0,，,押,一,付,一,。,本,人,男,，
链,接,：,h,t,t,p,s,:,/,/,t,i,e,b,a,.,b,a,i,d,u,.,c,o,m,/,p,/,6,9,4,1,2,0,4,0,5,9
作,者,：,醉,思,域
人,数,：,2,8
#,#,#,#,#,#,#,#,#,#,#,#,#,#,#,#,#,#,#,#,#,#,#,#,#,#,#,#,#,#,#,#,#,#,#,#,#,#
出租一个单间，一个人500，俩个人750，押一付一。本人男，,https://tieba.baidu.com/f,醉思域,28
标,题,：,求,工,作,，,不,想,进,厂
链,接,：,h,t,t,p,s,:,/,/,t,i,e,b,a,.,b,a,i,d,u,.,c,o,m,/,p,/,6,9,4,2,7,7,3,8,3,4
作,者,：,天,空,3,4,0,8,4,3
人,数,：,1
#,#,#,#,#,#,#,#,#,#,#,#,#,#,#,#,#,#,#,#,#,#,#,#,#,#,#,#,#,#,#,#,#,#,#,#,#,#
求工作，不想进厂,https://tieba.baidu.com/f,天空340843,1
标,题,：,中,午,好
链,接,：,h,t,t,p,s,:,/,/,t,i,e,b,a,.,b,a,i,d,u,.,c,o,m,/,p,/,6,9,4,0,8,0,7,4,3,3
作,者,：,骚,气,的,兮,.,.,.
人,数,：,5
#,#,#,#,#,#,#,#,#,#,#,#,#,#,#,#,#,#,#,#,#,#,#,#,#,#,#,#,#,#,#,#,#,#,#,#,#,#
中午好,https://tieba.baidu.com/f,骚气的兮...,5
标,题,：,我,发,表,了,一,篇,图,片,贴,，,大,伙,来,看,看,吧,~
链,接,：,h,t,t,p,s,:,/,/,t,i,e,b,a,.,b,a,i,d,u,.,c,o,m,/,p,/,6,9,4,2,7,7,7,4,3,9
作,者,：,小,骚,狐,狸
人,数,：,1
#,#,#,#,#,#,#,#,#,#,#,#,#,#,#,#,#,#,#,#,#,#,#,#,#,#,#,#,#,#,#,#,#,#,#,#,#,#
我发表了一篇图片贴，大伙来看看吧~,https://tieba.baidu.com/f,小骚狐狸,1
标,题,：,京,东,五,星,舒,适,家,、,松,下,中,央,空,调,达,成,2,0,2,0,战,略,合,作
链,接,：,h,t,t,p,s,:,/,/,t,i,e,b,a,.,b,a,i,d,u,.,c,o,m,/,p,/,6,9,4,2,8,0,0,9,4,6
作,者,：,噜,撸,噜,鹿,.,.,.
人,数,：,0
#,#,#,#,#,#,#,#,#,#,#,#,#,#,#,#,#,#,#,#,#,#,#,#,#,#,#,#,#,#,#,#,#,#,#,#,#,#
京东五星舒适家、松下中央空调达成2020战略合作,https://tieba.baidu.com/f,噜撸噜鹿...,0
标,题,：,【,本,地,互,助,】,淘,宝,店,铺
链,接,：,h,t,t,p,s,:,/,/,t,i,e,b,a,.,b,a,i,d,u,.,c,o,m,/,p,/,6,7,4,7,7,6,2,1,9,3
作,者,：,野,花,女,女
人,数,：,4,7
#,#,#,#,#,#,#,#,#,#,#,#,#,#,#,#,#,#,#,#,#,#,#,#,#,#,#,#,#,#,#,#,#,#,#,#,#,#
【本地互助】淘宝店铺,https://tieba.baidu.com/f,野花女女,47
标,题,：,我,发,表,了,一,篇,图,片,贴,，,大,伙,来,看,看,吧,~
链,接,：,h,t,t,p,s,:,/,/,t,i,e,b,a,.,b,a,i,d,u,.,c,o,m,/,p,/,6,9,4,2,7,3,6,0,1,1
作,者,：,宝,贝
人,数,：,1
#,#,#,#,#,#,#,#,#,#,#,#,#,#,#,#,#,#,#,#,#,#,#,#,#,#,#,#,#,#,#,#,#,#,#,#,#,#
我发表了一篇图片贴，大伙来看看吧~,https://tieba.baidu.com/f,宝贝,1
标,题,：,杭,州,下,沙,求,租,房,，,要,整,租,一,室,精,装,修,的,，,价,格,控,制,在,2,0,0,0,左,右,，
链,接,：,h,t,t,p,s,:,/,/,t,i,e,b,a,.,b,a,i,d,u,.,c,o,m,/,p,/,6,8,6,9,8,8,0,3,3,0
作,者,：,飞,鱼,1,5,1,7
人,数,：,1,9
#,#,#,#,#,#,#,#,#,#,#,#,#,#,#,#,#,#,#,#,#,#,#,#,#,#,#,#,#,#,#,#,#,#,#,#,#,#
杭州下沙求租房，要整租一室精装修的，价格控制在2000左右，,https://tieba.baidu.com/f,飞鱼1517,19
标,题,：,想,来,杭,州,工,作,租,房,的,！,分,享,租,房,经,验,！,教,你,们,少,踩,租,房,坑,！,（,来,杭,州
链,接,：,h,t,t,p,s,:,/,/,t,i,e,b,a,.,b,a,i,d,u,.,c,o,m,/,p,/,6,9,4,2,8,0,3,1,7,9
作,者,：,秦,秦,慧,慧
人,数,：,0
#,#,#,#,#,#,#,#,#,#,#,#,#,#,#,#,#,#,#,#,#,#,#,#,#,#,#,#,#,#,#,#,#,#,#,#,#,#
想来杭州工作租房的！分享租房经验！教你们少踩租房坑！（来杭州,https://tieba.baidu.com/f,秦秦慧慧,0
标,题,：,找,个,临,时,工,做,两,天,在,拱,墅,区
链,接,：,h,t,t,p,s,:,/,/,t,i,e,b,a,.,b,a,i,d,u,.,c,o,m,/,p,/,6,9,4,2,1,5,6,1,4,5
作,者,：,奋,斗,向,上,O,K
人,数,：,1,0
#,#,#,#,#,#,#,#,#,#,#,#,#,#,#,#,#,#,#,#,#,#,#,#,#,#,#,#,#,#,#,#,#,#,#,#,#,#
找个临时工做两天在拱墅区,https://tieba.baidu.com/f,奋斗向上OK,10
标,题,：,本,人,长,期,收,购,童,装,库,存,，,收,购,童,装,尾,货,，,整,单,，,杂,款,，,乱,码,，,童,装,店
链,接,：,h,t,t,p,s,:,/,/,t,i,e,b,a,.,b,a,i,d,u,.,c,o,m,/,p,/,6,9,4,0,8,8,3,4,5,8
作,者,：,收,购,童,装,.,.,.
人,数,：,2
#,#,#,#,#,#,#,#,#,#,#,#,#,#,#,#,#,#,#,#,#,#,#,#,#,#,#,#,#,#,#,#,#,#,#,#,#,#
本人长期收购童装库存，收购童装尾货，整单，杂款，乱码，童装店,https://tieba.baidu.com/f,收购童装...,2
标,题,：,杭,州,这,边,有,没,有,找,工,作,的,、,急,需,！,！,！,！,滴,滴,我,！,！,！,！
链,接,：,h,t,t,p,s,:,/,/,t,i,e,b,a,.,b,a,i,d,u,.,c,o,m,/,p,/,6,9,4,2,7,3,0,7,3,0
作,者,：,李,肖,呀
人,数,：,2
#,#,#,#,#,#,#,#,#,#,#,#,#,#,#,#,#,#,#,#,#,#,#,#,#,#,#,#,#,#,#,#,#,#,#,#,#,#
杭州这边有没有找工作的、急需！！！！滴滴我！！！！,https://tieba.baidu.com/f,李肖呀,2
标,题,：,交,通,事,故,体,验,V,R,技,术,沉,浸,式,交,互,体,验,模,拟,使,得,模,拟,训
链,接,：,h,t,t,p,s,:,/,/,t,i,e,b,a,.,b,a,i,d,u,.,c,o,m,/,p,/,6,9,4,2,7,8,5,2,8,8
作,者,：,你,好,特,别,y,.,.,.
人,数,：,0
#,#,#,#,#,#,#,#,#,#,#,#,#,#,#,#,#,#,#,#,#,#,#,#,#,#,#,#,#,#,#,#,#,#,#,#,#,#
交通事故体验VR技术沉浸式交互体验模拟使得模拟训,https://tieba.baidu.com/f,你好特别y...,0
标,题,：,西,湖,三,墩,租,房, ,亲,亲,家,园, ,独,厨,独,卫,天,然,气,厨,房, ,带,阳,台, ,2,0,0,0
链,接,：,h,t,t,p,s,:,/,/,t,i,e,b,a,.,b,a,i,d,u,.,c,o,m,/,p,/,6,9,4,2,7,4,2,3,2,5
作,者,：,g,a,o,l,i,n,z,i,q,i,a,n
人,数,：,0
#,#,#,#,#,#,#,#,#,#,#,#,#,#,#,#,#,#,#,#,#,#,#,#,#,#,#,#,#,#,#,#,#,#,#,#,#,#
西湖三墩租房 亲亲家园 独厨独卫天然气厨房 带阳台 2000,https://tieba.baidu.com/f,gaolinziqian,0
标,题,：,收,童,装,库,存,尾,货,（,春,夏,秋,冬,）,款, , ,整,单, ,杂,款,断,码,通,吃,数,量,不,限,诚
链,接,：,h,t,t,p,s,:,/,/,t,i,e,b,a,.,b,a,i,d,u,.,c,o,m,/,p,/,6,7,0,2,4,6,2,1,1,5
作,者,：,收,购,童,装,.,.,.
人,数,：,9
#,#,#,#,#,#,#,#,#,#,#,#,#,#,#,#,#,#,#,#,#,#,#,#,#,#,#,#,#,#,#,#,#,#,#,#,#,#
收童装库存尾货（春夏秋冬）款  整单 杂款断码通吃数量不限诚,https://tieba.baidu.com/f,收购童装...,9
标,题,：,有,没,有,一,天,3,0,0,+,的,工,作,？,做,什,么,都,行,，,只,要,工,资,高
链,接,：,h,t,t,p,s,:,/,/,t,i,e,b,a,.,b,a,i,d,u,.,c,o,m,/,p,/,6,9,1,9,0,2,6,7,6,1
作,者,：,灵,异,第,六,.,.,.
人,数,：,5,8
#,#,#,#,#,#,#,#,#,#,#,#,#,#,#,#,#,#,#,#,#,#,#,#,#,#,#,#,#,#,#,#,#,#,#,#,#,#
有没有一天300+的工作？做什么都行，只要工资高,https://tieba.baidu.com/f,灵异第六...,58
标,题,：,找,房,子,，,有,武,林,广,场,附,近,的,房,子,么,，, ,打,铁,关,，,到,九,堡,的,都,可,以
链,接,：,h,t,t,p,s,:,/,/,t,i,e,b,a,.,b,a,i,d,u,.,c,o,m,/,p,/,6,9,4,2,7,6,6,7,7,4
作,者,：,韩,希,叶
人,数,：,0
#,#,#,#,#,#,#,#,#,#,#,#,#,#,#,#,#,#,#,#,#,#,#,#,#,#,#,#,#,#,#,#,#,#,#,#,#,#
找房子，有武林广场附近的房子么， 打铁关，到九堡的都可以,https://tieba.baidu.com/f,韩希叶,0
标,题,：,写,字,楼,物,业,找,形,象,岗,礼,宾,，,有,来,的,吗
链,接,：,h,t,t,p,s,:,/,/,t,i,e,b,a,.,b,a,i,d,u,.,c,o,m,/,p,/,6,9,4,0,3,1,8,4,9,7
作,者,：,贴,吧,用,户,_,.,.,.
人,数,：,1,1
#,#,#,#,#,#,#,#,#,#,#,#,#,#,#,#,#,#,#,#,#,#,#,#,#,#,#,#,#,#,#,#,#,#,#,#,#,#
写字楼物业找形象岗礼宾，有来的吗,https://tieba.baidu.com/f,贴吧用户_...,11
标,题,：,【,本,地,交,流,】,【,本,地,交,流,】,【,求,助,问,询,】,有,没,有,想,开,网,店,的,小,伙,伴,吖
链,接,：,h,t,t,p,s,:,/,/,t,i,e,b,a,.,b,a,i,d,u,.,c,o,m,/,p,/,6,9,4,2,7,5,4,4,3,4
作,者,：,甜,心,小,妍,.,.,.
人,数,：,0
#,#,#,#,#,#,#,#,#,#,#,#,#,#,#,#,#,#,#,#,#,#,#,#,#,#,#,#,#,#,#,#,#,#,#,#,#,#
【本地交流】【本地交流】【求助问询】有没有想开网店的小伙伴吖,https://tieba.baidu.com/f,甜心小妍...,0
标,题,：,杭,州,这,边,有,没,有,找,工,作,的,、,急,需,！,！,！,！,！,滴,滴,我,！,！,！,！,！,！
链,接,：,h,t,t,p,s,:,/,/,t,i,e,b,a,.,b,a,i,d,u,.,c,o,m,/,p,/,6,9,4,2,7,3,2,8,5,1
作,者,：,李,肖,呀
人,数,：,1
#,#,#,#,#,#,#,#,#,#,#,#,#,#,#,#,#,#,#,#,#,#,#,#,#,#,#,#,#,#,#,#,#,#,#,#,#,#
杭州这边有没有找工作的、急需！！！！！滴滴我！！！！！！,https://tieba.baidu.com/f,李肖呀,1
标,题,：,电,子,厂,高,价,小,时,工,高,价,返,费,工,名,额,有,限,抓,紧,报,名
链,接,：,h,t,t,p,s,:,/,/,t,i,e,b,a,.,b,a,i,d,u,.,c,o,m,/,p,/,6,9,4,2,7,4,1,3,7,0
作,者,：,众,望,人,力,.,.,.
人,数,：,0
#,#,#,#,#,#,#,#,#,#,#,#,#,#,#,#,#,#,#,#,#,#,#,#,#,#,#,#,#,#,#,#,#,#,#,#,#,#
电子厂高价小时工高价返费工名额有限抓紧报名,https://tieba.baidu.com/f,众望人力...,0
标,题,：,快,年,末,了,有,没,有,想,找,工,作,的,。,一,小,时,3,0,可,以,做,短,期,包,吃,住,的,。,有,的
链,接,：,h,t,t,p,s,:,/,/,t,i,e,b,a,.,b,a,i,d,u,.,c,o,m,/,p,/,6,9,3,8,4,2,8,7,6,0
作,者,：,张,柠
人,数,：,1,8
#,#,#,#,#,#,#,#,#,#,#,#,#,#,#,#,#,#,#,#,#,#,#,#,#,#,#,#,#,#,#,#,#,#,#,#,#,#
快年末了有没有想找工作的。一小时30可以做短期包吃住的。有的,https://tieba.baidu.com/f,张柠,18
标,题,：,中,午,好
链,接,：,h,t,t,p,s,:,/,/,t,i,e,b,a,.,b,a,i,d,u,.,c,o,m,/,p,/,6,9,4,0,8,7,2,2,6,4
作,者,：,可,爱,的,默,.,.,.
人,数,：,1,5
#,#,#,#,#,#,#,#,#,#,#,#,#,#,#,#,#,#,#,#,#,#,#,#,#,#,#,#,#,#,#,#,#,#,#,#,#,#
中午好,https://tieba.baidu.com/f,可爱的默...,15
标,题,：,4,个,半,月,的,金,毛,找,新,主,人, , ,小,尝, , ,送,狗,粮, , , ,狗,笼,绳,子, , ,需
链,接,：,h,t,t,p,s,:,/,/,t,i,e,b,a,.,b,a,i,d,u,.,c,o,m,/,p,/,6,9,4,2,7,5,0,4,1,9
作,者,：,贴,吧,用,户,_,.,.,.
人,数,：,1
#,#,#,#,#,#,#,#,#,#,#,#,#,#,#,#,#,#,#,#,#,#,#,#,#,#,#,#,#,#,#,#,#,#,#,#,#,#
4个半月的金毛找新主人  小尝  送狗粮   狗笼绳子  需,https://tieba.baidu.com/f,贴吧用户_...,1
标,题,：,有,好,的,兼,职,做,吗,？, ,可,以,介,绍,介,绍
链,接,：,h,t,t,p,s,:,/,/,t,i,e,b,a,.,b,a,i,d,u,.,c,o,m,/,p,/,6,9,4,1,4,9,4,3,6,5
作,者,：,小,焦,焦
人,数,：,6
#,#,#,#,#,#,#,#,#,#,#,#,#,#,#,#,#,#,#,#,#,#,#,#,#,#,#,#,#,#,#,#,#,#,#,#,#,#
有好的兼职做吗？ 可以介绍介绍,https://tieba.baidu.com/f,小焦焦,6
标,题,：,有,杭,州,九,堡,附,近,的,房,东,吗,（,不,要,是,中,介,）,，,预,算,1,0,0,0,左,右,，,有,房
链,接,：,h,t,t,p,s,:,/,/,t,i,e,b,a,.,b,a,i,d,u,.,c,o,m,/,p,/,6,9,4,2,4,1,9,3,6,7
作,者,：,哈,尼,大,浴,.,.,.
人,数,：,5
#,#,#,#,#,#,#,#,#,#,#,#,#,#,#,#,#,#,#,#,#,#,#,#,#,#,#,#,#,#,#,#,#,#,#,#,#,#
有杭州九堡附近的房东吗（不要是中介），预算1000左右，有房,https://tieba.baidu.com/f,哈尼大浴...,5
标,题,：,昨,天,一,场,雨,，,真,的,感,觉,到,冷,了
链,接,：,h,t,t,p,s,:,/,/,t,i,e,b,a,.,b,a,i,d,u,.,c,o,m,/,p,/,6,9,4,2,7,2,3,4,6,6
作,者,：,努,力,挣,钱
人,数,：,0
#,#,#,#,#,#,#,#,#,#,#,#,#,#,#,#,#,#,#,#,#,#,#,#,#,#,#,#,#,#,#,#,#,#,#,#,#,#
昨天一场雨，真的感觉到冷了,https://tieba.baidu.com/f,努力挣钱,0
标,题,：,国,五,的,车, ,1,2,月,2,0,号,上,了,省,内,衢,州, ,是,不,是,很,秀,。,准,备,过,几,天,转
链,接,：,h,t,t,p,s,:,/,/,t,i,e,b,a,.,b,a,i,d,u,.,c,o,m,/,p,/,6,4,1,1,6,0,0,8,0,5
作,者,：,启,洋,车,务
人,数,：,5,6
#,#,#,#,#,#,#,#,#,#,#,#,#,#,#,#,#,#,#,#,#,#,#,#,#,#,#,#,#,#,#,#,#,#,#,#,#,#
国五的车 12月20号上了省内衢州 是不是很秀。准备过几天转,https://tieba.baidu.com/f,启洋车务,56
标,题,：,注,意,！,！,我,公,司,从,事,大,健,康,行,业,，,有,几,款,拳,头,产,品,效,果,非,常,好,，,目,前
链,接,：,h,t,t,p,s,:,/,/,t,i,e,b,a,.,b,a,i,d,u,.,c,o,m,/,p,/,6,9,4,1,5,7,9,1,7,5
作,者,：,杭,州,嘉,木,.,.,.
人,数,：,1
#,#,#,#,#,#,#,#,#,#,#,#,#,#,#,#,#,#,#,#,#,#,#,#,#,#,#,#,#,#,#,#,#,#,#,#,#,#
注意！！我公司从事大健康行业，有几款拳头产品效果非常好，目前,https://tieba.baidu.com/f,杭州嘉木...,1
标,题,：,老,哥,们,，,准,备,去,杭,州,，,想,找,一,个,住,宿,便,宜,的,地,方,，,偏,僻,没,事,，,不,用,市
链,接,：,h,t,t,p,s,:,/,/,t,i,e,b,a,.,b,a,i,d,u,.,c,o,m,/,p,/,6,9,3,9,8,3,4,9,8,3
作,者,：,泰,拉,石,剑,圣
人,数,：,3,6
#,#,#,#,#,#,#,#,#,#,#,#,#,#,#,#,#,#,#,#,#,#,#,#,#,#,#,#,#,#,#,#,#,#,#,#,#,#
老哥们，准备去杭州，想找一个住宿便宜的地方，偏僻没事，不用市,https://tieba.baidu.com/f,泰拉石剑圣,36
标,题,：,因,为,要,离,开,杭,州,了,，,想,把,租,的,的,房,子,转,租,出,去,，,房,间,落,地,窗,有,电,脑,桌
链,接,：,h,t,t,p,s,:,/,/,t,i,e,b,a,.,b,a,i,d,u,.,c,o,m,/,p,/,6,9,4,2,6,0,5,9,1,4
作,者,：,贴,吧,用,户,_,.,.,.
人,数,：,1
#,#,#,#,#,#,#,#,#,#,#,#,#,#,#,#,#,#,#,#,#,#,#,#,#,#,#,#,#,#,#,#,#,#,#,#,#,#
因为要离开杭州了，想把租的的房子转租出去，房间落地窗有电脑桌,https://tieba.baidu.com/f,贴吧用户_...,1
标,题,：,想,了,解,装,修,知,识,，,防,止,装,修,踩,坑,，,加,好,友,，,从,交,流,开,始,。
链,接,：,h,t,t,p,s,:,/,/,t,i,e,b,a,.,b,a,i,d,u,.,c,o,m,/,p,/,6,9,4,2,7,4,0,5,1,1
作,者,：,努,力,就,有,.,.,.
人,数,：,0
#,#,#,#,#,#,#,#,#,#,#,#,#,#,#,#,#,#,#,#,#,#,#,#,#,#,#,#,#,#,#,#,#,#,#,#,#,#
想了解装修知识，防止装修踩坑，加好友，从交流开始。,https://tieba.baidu.com/f,努力就有...,0
标,题,：,找,人,一,起,地,推,淘,小,铺,有,人,吗, ,留,下,联,系,方,式,我,加,你,吧
链,接,：,h,t,t,p,s,:,/,/,t,i,e,b,a,.,b,a,i,d,u,.,c,o,m,/,p,/,6,9,3,8,1,2,9,3,3,1
作,者,：,胜,利
人,数,：,6
#,#,#,#,#,#,#,#,#,#,#,#,#,#,#,#,#,#,#,#,#,#,#,#,#,#,#,#,#,#,#,#,#,#,#,#,#,#
找人一起地推淘小铺有人吗 留下联系方式我加你吧,https://tieba.baidu.com/f,胜利,6
标,题,：,投,资,首,选,，,央,企,中,建,投,开,发,，,单,价,8,0,0,0,一,平,7,0,年,产,权,住,宅,，,南
链,接,：,h,t,t,p,s,:,/,/,t,i,e,b,a,.,b,a,i,d,u,.,c,o,m,/,p,/,6,9,4,2,7,2,9,5,6,5
作,者,：,悦,湖,名,城,.,.,.
人,数,：,0
#,#,#,#,#,#,#,#,#,#,#,#,#,#,#,#,#,#,#,#,#,#,#,#,#,#,#,#,#,#,#,#,#,#,#,#,#,#
投资首选，央企中建投开发，单价8000一平70年产权住宅，南,https://tieba.baidu.com/f,悦湖名城...,0
标,题,：,【,本,地,求,助,】,在,杭,州,租,房,子,一,般,用,哪,个,A,P,P,啊
链,接,：,h,t,t,p,s,:,/,/,t,i,e,b,a,.,b,a,i,d,u,.,c,o,m,/,p,/,6,7,2,1,2,6,3,2,0,7
作,者,：,流,水,国,际
人,数,：,2,3
#,#,#,#,#,#,#,#,#,#,#,#,#,#,#,#,#,#,#,#,#,#,#,#,#,#,#,#,#,#,#,#,#,#,#,#,#,#
【本地求助】在杭州租房子一般用哪个APP啊,https://tieba.baidu.com/f,流水国际,23
标,题,：,杭,州,这,边,有,没,有,找,工,作,的,、,急,需,！,！,！,！,滴,滴,我,！,！,！,！,！
链,接,：,h,t,t,p,s,:,/,/,t,i,e,b,a,.,b,a,i,d,u,.,c,o,m,/,p,/,6,9,4,2,7,3,1,9,7,1
作,者,：,李,肖,呀
人,数,：,0
#,#,#,#,#,#,#,#,#,#,#,#,#,#,#,#,#,#,#,#,#,#,#,#,#,#,#,#,#,#,#,#,#,#,#,#,#,#
杭州这边有没有找工作的、急需！！！！滴滴我！！！！！,https://tieba.baidu.com/f,李肖呀,0
标,题,：,杭,州,租,房,‖,酒,店,式,公,寓,精,品,酒,店,式,公,寓,金,家,渡,地,铁,口,，,西,田,城,对,面,，
链,接,：,h,t,t,p,s,:,/,/,t,i,e,b,a,.,b,a,i,d,u,.,c,o,m,/,p,/,6,9,4,2,7,2,6,5,5,6
作,者,：,樱,花,下,的,.,.,.
人,数,：,0
#,#,#,#,#,#,#,#,#,#,#,#,#,#,#,#,#,#,#,#,#,#,#,#,#,#,#,#,#,#,#,#,#,#,#,#,#,#
杭州租房‖酒店式公寓精品酒店式公寓金家渡地铁口，西田城对面，,https://tieba.baidu.com/f,樱花下的...,0
标,题,：,同,个,骗,子,号,，,大,家,小,心
链,接,：,h,t,t,p,s,:,/,/,t,i,e,b,a,.,b,a,i,d,u,.,c,o,m,/,p,/,6,9,4,2,1,7,8,6,6,8
作,者,：,h,s,u,t,i,l,k,g,s,o,b,b
人,数,：,1,0,2
#,#,#,#,#,#,#,#,#,#,#,#,#,#,#,#,#,#,#,#,#,#,#,#,#,#,#,#,#,#,#,#,#,#,#,#,#,#
同个骗子号，大家小心,https://tieba.baidu.com/f,hsutilkgsobb,102
标,题,：,赵,小,荣,无,双,道,龙,书,法,作,品,：,顺,风,顺,水
链,接,：,h,t,t,p,s,:,/,/,t,i,e,b,a,.,b,a,i,d,u,.,c,o,m,/,p,/,6,9,4,2,7,1,8,6,8,5
作,者,：,狮,子,王,岁,月
人,数,：,0
#,#,#,#,#,#,#,#,#,#,#,#,#,#,#,#,#,#,#,#,#,#,#,#,#,#,#,#,#,#,#,#,#,#,#,#,#,#
赵小荣无双道龙书法作品：顺风顺水,https://tieba.baidu.com/f,狮子王岁月,0
标,题,：,合,租,，,有,没,有,在,杭,州,还,在,找,房,子,的,，,或,者,想,换,房,合,租,的,，,我,这,有,一,个
链,接,：,h,t,t,p,s,:,/,/,t,i,e,b,a,.,b,a,i,d,u,.,c,o,m,/,p,/,6,8,6,5,7,4,9,6,5,4
作,者,：,醉,卧,美,人,.,.,.
人,数,：,1,1
#,#,#,#,#,#,#,#,#,#,#,#,#,#,#,#,#,#,#,#,#,#,#,#,#,#,#,#,#,#,#,#,#,#,#,#,#,#
合租，有没有在杭州还在找房子的，或者想换房合租的，我这有一个,https://tieba.baidu.com/f,醉卧美人...,11
标,题,：,来,啊,相,互,伤, , ,害,呀
链,接,：,h,t,t,p,s,:,/,/,t,i,e,b,a,.,b,a,i,d,u,.,c,o,m,/,p,/,6,9,4,0,2,4,3,3,4,4
作,者,：,钢,迸,缎,0,2,n,1
人,数,：,4
#,#,#,#,#,#,#,#,#,#,#,#,#,#,#,#,#,#,#,#,#,#,#,#,#,#,#,#,#,#,#,#,#,#,#,#,#,#
来啊相互伤  害呀,https://tieba.baidu.com/f,钢迸缎02n1,4
标,题,：,刚,刚,租,的,一,个,两,室,一,厅,，,其,中,一,个,房,间,找,合,租,，,仅,限,女,生,。,房,租,1,6
链,接,：,h,t,t,p,s,:,/,/,t,i,e,b,a,.,b,a,i,d,u,.,c,o,m,/,p,/,6,9,2,2,5,2,0,2,6,3
作,者,：,没,有,遇,见,.,.,.
人,数,：,1,3
#,#,#,#,#,#,#,#,#,#,#,#,#,#,#,#,#,#,#,#,#,#,#,#,#,#,#,#,#,#,#,#,#,#,#,#,#,#
刚刚租的一个两室一厅，其中一个房间找合租，仅限女生。房租16,https://tieba.baidu.com/f,没有遇见...,13
标,题,：,流,浪,了,，,来,吧,里,挣,个,十,几,二,十,，,要,我,做,啥,都,可,以,，,解,封,注,册,什,么,的,，
链,接,：,h,t,t,p,s,:,/,/,t,i,e,b,a,.,b,a,i,d,u,.,c,o,m,/,p,/,6,9,4,2,5,2,0,1,6,2
作,者,：,B,o,x,小,布
人,数,：,1,1
#,#,#,#,#,#,#,#,#,#,#,#,#,#,#,#,#,#,#,#,#,#,#,#,#,#,#,#,#,#,#,#,#,#,#,#,#,#
流浪了，来吧里挣个十几二十，要我做啥都可以，解封注册什么的，,https://tieba.baidu.com/f,Box小布,11
标,题,：,惊,险,！,杭,州,一,物,业,派,蜘,蛛,人,拆,违,建,安,全,绳,遭,业,主,剪,断
链,接,：,h,t,t,p,s,:,/,/,t,i,e,b,a,.,b,a,i,d,u,.,c,o,m,/,p,/,6,9,3,2,2,8,7,8,3,6
作,者,：,贴,吧,本,地,通
人,数,：,3,8
#,#,#,#,#,#,#,#,#,#,#,#,#,#,#,#,#,#,#,#,#,#,#,#,#,#,#,#,#,#,#,#,#,#,#,#,#,#
惊险！杭州一物业派蜘蛛人拆违建安全绳遭业主剪断,https://tieba.baidu.com/f,贴吧本地通,38
标,题,：,一,窝,布,偶,猫,咪,找,主,人, ,自,己,家,生,的, ,养,不,下,了, ,平,时,工,作,也,忙, ,照,顾
链,接,：,h,t,t,p,s,:,/,/,t,i,e,b,a,.,b,a,i,d,u,.,c,o,m,/,p,/,6,8,7,9,1,1,7,0,4,2
作,者,：,点,烟,寞
人,数,：,1,0,3
#,#,#,#,#,#,#,#,#,#,#,#,#,#,#,#,#,#,#,#,#,#,#,#,#,#,#,#,#,#,#,#,#,#,#,#,#,#
一窝布偶猫咪找主人 自己家生的 养不下了 平时工作也忙 照顾,https://tieba.baidu.com/f,点烟寞,103
标,题,：,新,模,式,新,玩,法
链,接,：,h,t,t,p,s,:,/,/,t,i,e,b,a,.,b,a,i,d,u,.,c,o,m,/,p,/,6,9,4,1,5,5,8,4,8,9
作,者,：,日,暮,归,途,0,.,.,.
人,数,：,1
#,#,#,#,#,#,#,#,#,#,#,#,#,#,#,#,#,#,#,#,#,#,#,#,#,#,#,#,#,#,#,#,#,#,#,#,#,#
新模式新玩法,https://tieba.baidu.com/f,日暮归途0...,1
标,题,：,圆,通,速,递,招,聘,问,题,件,处,理,专,员,，,女,孩,子,优,先,，,内,部,直,招,，,工,作,轻,松,，
链,接,：,h,t,t,p,s,:,/,/,t,i,e,b,a,.,b,a,i,d,u,.,c,o,m,/,p,/,6,9,4,0,7,8,1,3,3,5
作,者,：,黑,曼,巴,精,.,.,.
人,数,：,1,0
#,#,#,#,#,#,#,#,#,#,#,#,#,#,#,#,#,#,#,#,#,#,#,#,#,#,#,#,#,#,#,#,#,#,#,#,#,#
圆通速递招聘问题件处理专员，女孩子优先，内部直招，工作轻松，,https://tieba.baidu.com/f,黑曼巴精...,10
标,题,：,转,租, ,急,租, ,滨,江, 
链,接,：,h,t,t,p,s,:,/,/,t,i,e,b,a,.,b,a,i,d,u,.,c,o,m,/,p,/,6,9,4,2,6,0,8,5,9,1
作,者,：,早,起,夜,猫
人,数,：,2
#,#,#,#,#,#,#,#,#,#,#,#,#,#,#,#,#,#,#,#,#,#,#,#,#,#,#,#,#,#,#,#,#,#,#,#,#,#
转租 急租 滨江 ,https://tieba.baidu.com/f,早起夜猫,2
标,题,：,长,期,出,售,魔,王,，,红,腹,，,雪,地,，,黄,山,等,萌,宠,，,可,走,平,台,，,包,活,到,家
链,接,：,h,t,t,p,s,:,/,/,t,i,e,b,a,.,b,a,i,d,u,.,c,o,m,/,p,/,6,9,3,8,3,5,4,3,6,6
作,者,：,布,丁
人,数,：,3
#,#,#,#,#,#,#,#,#,#,#,#,#,#,#,#,#,#,#,#,#,#,#,#,#,#,#,#,#,#,#,#,#,#,#,#,#,#
长期出售魔王，红腹，雪地，黄山等萌宠，可走平台，包活到家,https://tieba.baidu.com/f,布丁,3
标,题,：,在,杭,州,下,城,区,，,租,房,子,，,都,多,钱,一,个,月,呢,，,有,知,道,的,吗
链,接,：,h,t,t,p,s,:,/,/,t,i,e,b,a,.,b,a,i,d,u,.,c,o,m,/,p,/,6,9,4,2,0,5,9,6,9,2
作,者,：,四,季,如,春
人,数,：,1
#,#,#,#,#,#,#,#,#,#,#,#,#,#,#,#,#,#,#,#,#,#,#,#,#,#,#,#,#,#,#,#,#,#,#,#,#,#
在杭州下城区，租房子，都多钱一个月呢，有知道的吗,https://tieba.baidu.com/f,四季如春,1
标,题,：,还,没,找,到,工,作,的,，,可,以,进,来,看,看,，,厂,区,急,招,质,检,2,8,块,钱,一,个,小,时
链,接,：,h,t,t,p,s,:,/,/,t,i,e,b,a,.,b,a,i,d,u,.,c,o,m,/,p,/,6,9,4,2,6,9,6,6,9,8
作,者,：,l,i,u,l,u,n,l,u,n,3,6,0
人,数,：,0
#,#,#,#,#,#,#,#,#,#,#,#,#,#,#,#,#,#,#,#,#,#,#,#,#,#,#,#,#,#,#,#,#,#,#,#,#,#
还没找到工作的，可以进来看看，厂区急招质检28块钱一个小时,https://tieba.baidu.com/f,liulunlun360,0
